12349;1/1/2021 00:00;VA;IN Correction;100;TRUE;MAN UPD SAP DIFF;TRUE;100;IN Correction;;
12378;1/1/2021 00:00;VA;IN Correction;200;TRUE;MAN UPD SAP DIFF;TRUE;100;IN Correction;;
15857;1/1/2021 00:00;VA;IN Correction;700;TRUE;MAN UPD SAP DIFF;TRUE;100;IN Correction;;
16566;1/1/2021 00:00;VA;IN Correction;500;TRUE;MAN UPD SAP DIFF;TRUE;100;IN Correction;;
17091;1/1/2021 00:00;VA;IN Correction;800;TRUE;MAN UPD SAP DIFF;TRUE;100;IN Correction;;
17475;1/1/2021 00:00;VA;IN Correction;400;TRUE;MAN UPD SAP DIFF;TRUE;100;IN Correction;;
17883;1/1/2021 00:00;VA;IN Correction;500;TRUE;MAN UPD SAP DIFF;TRUE;100;IN Correction;;
18701;1/1/2021 00:00;VA;IN Correction;100;TRUE;MAN UPD SAP DIFF;TRUE;100;IN Correction;;
19188;1/1/2021 00:00;VA;IN Correction;100;TRUE;MAN UPD SAP DIFF;TRUE;100;IN Correction;;
23667;1/1/2021 00:00;VA;IN Correction;500;TRUE;MAN UPD SAP DIFF;TRUE;100;IN Correction;;
28618;1/1/2021 00:00;VA;IN Correction;700;TRUE;MAN UPD SAP DIFF;TRUE;100;IN Correction;;
30007;1/1/2021 00:00;VA;IN Correction;300;TRUE;MAN UPD SAP DIFF;TRUE;100;IN Correction;;
30010;1/1/2021 00:00;VA;IN Correction;200;TRUE;MAN UPD SAP DIFF;TRUE;100;IN Correction;;
30041;1/1/2021 00:00;VA;IN Correction;100;TRUE;MAN UPD SAP DIFF;TRUE;100;IN Correction;;
30201;1/1/2021 00:00;VA;IN Correction;200;TRUE;MAN UPD SAP DIFF;TRUE;100;IN Correction;;
30369;1/1/2021 00:00;VA;IN Correction;500;TRUE;MAN UPD SAP DIFF;TRUE;100;IN Correction;;
30589;1/1/2021 00:00;VA;IN Correction;200;TRUE;MAN UPD SAP DIFF;TRUE;100;IN Correction;;
30591;1/1/2021 00:00;VA;IN Correction;1000;TRUE;MAN UPD SAP DIFF;TRUE;100;IN Correction;;
30592;1/1/2021 00:00;VA;IN Correction;400;TRUE;MAN UPD SAP DIFF;TRUE;100;IN Correction;;
30593;1/1/2021 00:00;VA;IN Correction;200;TRUE;MAN UPD SAP DIFF;TRUE;100;IN Correction;;
30599;1/1/2021 00:00;VA;IN Correction;400;TRUE;MAN UPD SAP DIFF;TRUE;100;IN Correction;;
30605;1/1/2021 00:00;VA;IN Correction;200;TRUE;MAN UPD SAP DIFF;TRUE;100;IN Correction;;
30663;1/1/2021 00:00;VA;IN Correction;1100;TRUE;MAN UPD SAP DIFF;TRUE;100;IN Correction;;
30677;1/1/2021 00:00;VA;IN Correction;500;TRUE;MAN UPD SAP DIFF;TRUE;100;IN Correction;;
30744;1/1/2021 00:00;VA;IN Correction;100;TRUE;MAN UPD SAP DIFF;TRUE;100;IN Correction;;
30764;1/1/2021 00:00;VA;IN Correction;600;TRUE;MAN UPD SAP DIFF;TRUE;100;IN Correction;;
30778;1/1/2021 00:00;VA;IN Correction;500;TRUE;MAN UPD SAP DIFF;TRUE;100;IN Correction;;
30847;1/1/2021 00:00;VA;IN Correction;500;TRUE;MAN UPD SAP DIFF;TRUE;100;IN Correction;;
30848;1/1/2021 00:00;VA;IN Correction;200;TRUE;MAN UPD SAP DIFF;TRUE;100;IN Correction;;
30989;1/1/2021 00:00;VA;IN Correction;100;TRUE;MAN UPD SAP DIFF;TRUE;100;IN Correction;;
30994;1/1/2021 00:00;VA;IN Correction;600;TRUE;MAN UPD SAP DIFF;TRUE;100;IN Correction;;
30997;1/1/2021 00:00;VA;IN Correction;400;TRUE;MAN UPD SAP DIFF;TRUE;100;IN Correction;;
31622;1/1/2021 00:00;VA;IN Correction;1800;TRUE;MAN UPD SAP DIFF;TRUE;100;IN Correction;;
31780;1/1/2021 00:00;VA;IN Correction;100;TRUE;MAN UPD SAP DIFF;TRUE;100;IN Correction;;
31781;1/1/2021 00:00;VA;IN Correction;500;TRUE;MAN UPD SAP DIFF;TRUE;100;IN Correction;;
31918;1/1/2021 00:00;VA;IN Correction;200;TRUE;MAN UPD SAP DIFF;TRUE;100;IN Correction;;
31925;1/1/2021 00:00;VA;IN Correction;700;TRUE;MAN UPD SAP DIFF;TRUE;100;IN Correction;;
32246;1/1/2021 00:00;VA;IN Correction;500;TRUE;MAN UPD SAP DIFF;TRUE;100;IN Correction;;
32853;1/1/2021 00:00;VA;IN Correction;800;TRUE;MAN UPD SAP DIFF;TRUE;100;IN Correction;;
32859;1/1/2021 00:00;VA;IN Correction;200;TRUE;MAN UPD SAP DIFF;TRUE;100;IN Correction;;
32915;1/1/2021 00:00;VA;IN Correction;400;TRUE;MAN UPD SAP DIFF;TRUE;100;IN Correction;;
33060;1/1/2021 00:00;VA;IN Correction;1300;TRUE;MAN UPD SAP DIFF;TRUE;100;IN Correction;;
33517;1/1/2021 00:00;VA;IN Correction;100;TRUE;MAN UPD SAP DIFF;TRUE;100;IN Correction;;
33686;1/1/2021 00:00;VA;IN Correction;600;TRUE;MAN UPD SAP DIFF;TRUE;100;IN Correction;;
33910;1/1/2021 00:00;VA;IN Correction;400;TRUE;MAN UPD SAP DIFF;TRUE;100;IN Correction;;
34077;1/1/2021 00:00;VA;IN Correction;400;TRUE;MAN UPD SAP DIFF;TRUE;100;IN Correction;;
34080;1/1/2021 00:00;VA;IN Correction;100;TRUE;MAN UPD SAP DIFF;TRUE;100;IN Correction;;
34143;1/1/2021 00:00;VA;IN Correction;100;TRUE;MAN UPD SAP DIFF;TRUE;100;IN Correction;;
34175;1/1/2021 00:00;VA;IN Correction;300;TRUE;MAN UPD SAP DIFF;TRUE;100;IN Correction;;
34222;1/1/2021 00:00;VA;IN Correction;300;TRUE;MAN UPD SAP DIFF;TRUE;100;IN Correction;;
34348;1/1/2021 00:00;VA;IN Correction;500;TRUE;MAN UPD SAP DIFF;TRUE;100;IN Correction;;
34387;1/1/2021 00:00;VA;IN Correction;400;TRUE;MAN UPD SAP DIFF;TRUE;100;IN Correction;;
34398;1/1/2021 00:00;VA;IN Correction;600;TRUE;MAN UPD SAP DIFF;TRUE;100;IN Correction;;
34407;1/1/2021 00:00;VA;IN Correction;1300;TRUE;MAN UPD SAP DIFF;TRUE;100;IN Correction;;
34461;1/1/2021 00:00;VA;IN Correction;100;TRUE;MAN UPD SAP DIFF;TRUE;100;IN Correction;;
34477;1/1/2021 00:00;VA;IN Correction;1600;TRUE;MAN UPD SAP DIFF;TRUE;100;IN Correction;;
34483;1/1/2021 00:00;VA;IN Correction;150;TRUE;MAN UPD SAP DIFF;TRUE;100;IN Correction;;
34498;1/1/2021 00:00;VA;IN Correction;200;TRUE;MAN UPD SAP DIFF;TRUE;100;IN Correction;;
34510;1/1/2021 00:00;VA;IN Correction;500;TRUE;MAN UPD SAP DIFF;TRUE;100;IN Correction;;
34511;1/1/2021 00:00;VA;IN Correction;100;TRUE;MAN UPD SAP DIFF;TRUE;100;IN Correction;;
34546;1/1/2021 00:00;VA;IN Correction;500;TRUE;MAN UPD SAP DIFF;TRUE;100;IN Correction;;
34629;1/1/2021 00:00;VA;IN Correction;100;TRUE;MAN UPD SAP DIFF;TRUE;100;IN Correction;;
34630;1/1/2021 00:00;VA;IN Correction;300;TRUE;MAN UPD SAP DIFF;TRUE;100;IN Correction;;
34643;1/1/2021 00:00;VA;IN Correction;500;TRUE;MAN UPD SAP DIFF;TRUE;100;IN Correction;;
34650;1/1/2021 00:00;VA;IN Correction;400;TRUE;MAN UPD SAP DIFF;TRUE;100;IN Correction;;
34709;1/1/2021 00:00;VA;IN Correction;525;TRUE;MAN UPD SAP DIFF;TRUE;100;IN Correction;;
34715;1/1/2021 00:00;VA;IN Correction;200;TRUE;MAN UPD SAP DIFF;TRUE;100;IN Correction;;
34720;1/1/2021 00:00;VA;IN Correction;500;TRUE;MAN UPD SAP DIFF;TRUE;100;IN Correction;;
34738;1/1/2021 00:00;VA;IN Correction;500;TRUE;MAN UPD SAP DIFF;TRUE;100;IN Correction;;
34746;1/1/2021 00:00;VA;IN Correction;300;TRUE;MAN UPD SAP DIFF;TRUE;100;IN Correction;;
34779;1/1/2021 00:00;VA;IN Correction;500;TRUE;MAN UPD SAP DIFF;TRUE;100;IN Correction;;
34780;1/1/2021 00:00;VA;IN Correction;200;TRUE;MAN UPD SAP DIFF;TRUE;100;IN Correction;;
34794;1/1/2021 00:00;VA;IN Correction;600;TRUE;MAN UPD SAP DIFF;TRUE;100;IN Correction;;
34820;1/1/2021 00:00;VA;IN Correction;100;TRUE;MAN UPD SAP DIFF;TRUE;100;IN Correction;;
34825;1/1/2021 00:00;VA;IN Correction;400;TRUE;MAN UPD SAP DIFF;TRUE;100;IN Correction;;
34845;1/1/2021 00:00;VA;IN Correction;500;TRUE;MAN UPD SAP DIFF;TRUE;100;IN Correction;;
34857;1/1/2021 00:00;VA;IN Correction;400;TRUE;MAN UPD SAP DIFF;TRUE;100;IN Correction;;
34858;1/1/2021 00:00;VA;IN Correction;900;TRUE;MAN UPD SAP DIFF;TRUE;100;IN Correction;;
34885;1/1/2021 00:00;VA;IN Correction;1300;TRUE;MAN UPD SAP DIFF;TRUE;100;IN Correction;;
34891;1/1/2021 00:00;VA;IN Correction;500;TRUE;MAN UPD SAP DIFF;TRUE;100;IN Correction;;
34920;1/1/2021 00:00;VA;IN Correction;500;TRUE;MAN UPD SAP DIFF;TRUE;100;IN Correction;;
34941;1/1/2021 00:00;VA;IN Correction;580;TRUE;MAN UPD SAP DIFF;TRUE;100;IN Correction;;
34943;1/1/2021 00:00;VA;IN Correction;800;TRUE;MAN UPD SAP DIFF;TRUE;100;IN Correction;;
34945;1/1/2021 00:00;VA;IN Correction;500;TRUE;MAN UPD SAP DIFF;TRUE;100;IN Correction;;
34961;1/1/2021 00:00;VA;IN Correction;700;TRUE;MAN UPD SAP DIFF;TRUE;100;IN Correction;;
34995;1/1/2021 00:00;VA;IN Correction;100;TRUE;MAN UPD SAP DIFF;TRUE;100;IN Correction;;
35003;1/1/2021 00:00;VA;IN Correction;800;TRUE;MAN UPD SAP DIFF;TRUE;100;IN Correction;;
35029;1/1/2021 00:00;VA;IN Correction;900;TRUE;MAN UPD SAP DIFF;TRUE;100;IN Correction;;
35030;1/1/2021 00:00;VA;IN Correction;100;TRUE;MAN UPD SAP DIFF;TRUE;100;IN Correction;;
35058;1/1/2021 00:00;VA;IN Correction;600;TRUE;MAN UPD SAP DIFF;TRUE;100;IN Correction;;
35068;1/1/2021 00:00;VA;IN Correction;600;TRUE;MAN UPD SAP DIFF;TRUE;100;IN Correction;;
35092;1/1/2021 00:00;VA;IN Correction;500;TRUE;MAN UPD SAP DIFF;TRUE;100;IN Correction;;
35106;1/1/2021 00:00;VA;IN Correction;600;TRUE;MAN UPD SAP DIFF;TRUE;100;IN Correction;;
35108;1/1/2021 00:00;VA;IN Correction;100;TRUE;MAN UPD SAP DIFF;TRUE;100;IN Correction;;
35150;1/1/2021 00:00;VA;IN Correction;900;TRUE;MAN UPD SAP DIFF;TRUE;100;IN Correction;;
35161;1/1/2021 00:00;VA;IN Correction;300;TRUE;MAN UPD SAP DIFF;TRUE;100;IN Correction;;
35206;1/1/2021 00:00;VA;IN Correction;400;TRUE;MAN UPD SAP DIFF;TRUE;100;IN Correction;;
35233;1/1/2021 00:00;VA;IN Correction;200;TRUE;MAN UPD SAP DIFF;TRUE;100;IN Correction;;
35282;1/1/2021 00:00;VA;IN Correction;500;TRUE;MAN UPD SAP DIFF;TRUE;100;IN Correction;;
35298;1/1/2021 00:00;VA;IN Correction;800;TRUE;MAN UPD SAP DIFF;TRUE;100;IN Correction;;
35307;1/1/2021 00:00;VA;IN Correction;600;TRUE;MAN UPD SAP DIFF;TRUE;100;IN Correction;;
35313;1/1/2021 00:00;VA;IN Correction;600;TRUE;MAN UPD SAP DIFF;TRUE;100;IN Correction;;
35348;1/1/2021 00:00;VA;IN Correction;100;TRUE;MAN UPD SAP DIFF;TRUE;100;IN Correction;;
35354;1/1/2021 00:00;VA;IN Correction;600;TRUE;MAN UPD SAP DIFF;TRUE;100;IN Correction;;
35413;1/1/2021 00:00;VA;IN Correction;200;TRUE;MAN UPD SAP DIFF;TRUE;100;IN Correction;;
35431;1/1/2021 00:00;VA;IN Correction;500;TRUE;MAN UPD SAP DIFF;TRUE;100;IN Correction;;
35484;1/1/2021 00:00;VA;IN Correction;400;TRUE;MAN UPD SAP DIFF;TRUE;100;IN Correction;;
35509;1/1/2021 00:00;VA;IN Correction;500;TRUE;MAN UPD SAP DIFF;TRUE;100;IN Correction;;
35519;1/1/2021 00:00;VA;IN Correction;200;TRUE;MAN UPD SAP DIFF;TRUE;100;IN Correction;;
35572;1/1/2021 00:00;VA;IN Correction;700;TRUE;MAN UPD SAP DIFF;TRUE;100;IN Correction;;
35573;1/1/2021 00:00;VA;IN Correction;700;TRUE;MAN UPD SAP DIFF;TRUE;100;IN Correction;;
35588;1/1/2021 00:00;VA;IN Correction;400;TRUE;MAN UPD SAP DIFF;TRUE;100;IN Correction;;
35641;1/1/2021 00:00;VA;IN Correction;400;TRUE;MAN UPD SAP DIFF;TRUE;100;IN Correction;;
35668;1/1/2021 00:00;VA;IN Correction;600;TRUE;MAN UPD SAP DIFF;TRUE;100;IN Correction;;
35688;1/1/2021 00:00;VA;IN Correction;100;TRUE;MAN UPD SAP DIFF;TRUE;100;IN Correction;;
35696;1/1/2021 00:00;VA;IN Correction;580;TRUE;MAN UPD SAP DIFF;TRUE;100;IN Correction;;
35713;1/1/2021 00:00;VA;IN Correction;700;TRUE;MAN UPD SAP DIFF;TRUE;100;IN Correction;;
35779;1/1/2021 00:00;VA;IN Correction;500;TRUE;MAN UPD SAP DIFF;TRUE;100;IN Correction;;
35791;1/1/2021 00:00;VA;IN Correction;2700;TRUE;MAN UPD SAP DIFF;TRUE;100;IN Correction;;
35848;1/1/2021 00:00;VA;IN Correction;1300;TRUE;MAN UPD SAP DIFF;TRUE;100;IN Correction;;
35873;1/1/2021 00:00;VA;IN Correction;300;TRUE;MAN UPD SAP DIFF;TRUE;100;IN Correction;;
35887;1/1/2021 00:00;VA;IN Correction;1080;TRUE;MAN UPD SAP DIFF;TRUE;100;IN Correction;;
35927;1/1/2021 00:00;VA;IN Correction;500;TRUE;MAN UPD SAP DIFF;TRUE;100;IN Correction;;
35944;1/1/2021 00:00;VA;IN Correction;100;TRUE;MAN UPD SAP DIFF;TRUE;100;IN Correction;;
36064;1/1/2021 00:00;VA;IN Correction;400;TRUE;MAN UPD SAP DIFF;TRUE;100;IN Correction;;
36115;1/1/2021 00:00;VA;IN Correction;200;TRUE;MAN UPD SAP DIFF;TRUE;100;IN Correction;;
36445;1/1/2021 00:00;VA;IN Correction;600;TRUE;MAN UPD SAP DIFF;TRUE;100;IN Correction;;
36468;1/1/2021 00:00;VA;IN Correction;100;TRUE;MAN UPD SAP DIFF;TRUE;100;IN Correction;;
36870;1/1/2021 00:00;VA;IN Correction;200;TRUE;MAN UPD SAP DIFF;TRUE;100;IN Correction;;
37007;1/1/2021 00:00;VA;IN Correction;400;TRUE;MAN UPD SAP DIFF;TRUE;100;IN Correction;;
37089;1/1/2021 00:00;VA;IN Correction;100;TRUE;MAN UPD SAP DIFF;TRUE;100;IN Correction;;
37091;1/1/2021 00:00;VA;IN Correction;300;TRUE;MAN UPD SAP DIFF;TRUE;100;IN Correction;;
37096;1/1/2021 00:00;VA;IN Correction;400;TRUE;MAN UPD SAP DIFF;TRUE;100;IN Correction;;
37113;1/1/2021 00:00;VA;IN Correction;700;TRUE;MAN UPD SAP DIFF;TRUE;100;IN Correction;;
37127;1/1/2021 00:00;VA;IN Correction;2600;TRUE;MAN UPD SAP DIFF;TRUE;100;IN Correction;;
37168;1/1/2021 00:00;VA;IN Correction;100;TRUE;MAN UPD SAP DIFF;TRUE;100;IN Correction;;
37169;1/1/2021 00:00;VA;IN Correction;100;TRUE;MAN UPD SAP DIFF;TRUE;100;IN Correction;;
37188;1/1/2021 00:00;VA;IN Correction;200;TRUE;MAN UPD SAP DIFF;TRUE;100;IN Correction;;
37194;1/1/2021 00:00;VA;IN Correction;200;TRUE;MAN UPD SAP DIFF;TRUE;100;IN Correction;;
37226;1/1/2021 00:00;VA;IN Correction;100;TRUE;MAN UPD SAP DIFF;TRUE;100;IN Correction;;
37276;1/1/2021 00:00;VA;IN Correction;2600;TRUE;MAN UPD SAP DIFF;TRUE;100;IN Correction;;
37308;1/1/2021 00:00;VA;IN Correction;100;TRUE;MAN UPD SAP DIFF;TRUE;100;IN Correction;;
37327;1/1/2021 00:00;VA;IN Correction;250;TRUE;MAN UPD SAP DIFF;TRUE;100;IN Correction;;
37350;1/1/2021 00:00;VA;IN Correction;1100;TRUE;MAN UPD SAP DIFF;TRUE;100;IN Correction;;
37458;1/1/2021 00:00;VA;IN Correction;100;TRUE;MAN UPD SAP DIFF;TRUE;100;IN Correction;;
37483;1/1/2021 00:00;VA;IN Correction;100;TRUE;MAN UPD SAP DIFF;TRUE;100;IN Correction;;
37487;1/1/2021 00:00;VA;IN Correction;100;TRUE;MAN UPD SAP DIFF;TRUE;100;IN Correction;;
37490;1/1/2021 00:00;VA;IN Correction;300;TRUE;MAN UPD SAP DIFF;TRUE;100;IN Correction;;
37494;1/1/2021 00:00;VA;IN Correction;700;TRUE;MAN UPD SAP DIFF;TRUE;100;IN Correction;;
37526;1/1/2021 00:00;VA;IN Correction;300;TRUE;MAN UPD SAP DIFF;TRUE;100;IN Correction;;
37538;1/1/2021 00:00;VA;IN Correction;300;TRUE;MAN UPD SAP DIFF;TRUE;100;IN Correction;;
37541;1/1/2021 00:00;VA;IN Correction;200;TRUE;MAN UPD SAP DIFF;TRUE;100;IN Correction;;
37550;1/1/2021 00:00;VA;IN Correction;100;TRUE;MAN UPD SAP DIFF;TRUE;100;IN Correction;;
37575;1/1/2021 00:00;VA;IN Correction;400;TRUE;MAN UPD SAP DIFF;TRUE;100;IN Correction;;
37587;1/1/2021 00:00;VA;IN Correction;300;TRUE;MAN UPD SAP DIFF;TRUE;100;IN Correction;;
37590;1/1/2021 00:00;VA;IN Correction;200;TRUE;MAN UPD SAP DIFF;TRUE;100;IN Correction;;
37593;1/1/2021 00:00;VA;IN Correction;300;TRUE;MAN UPD SAP DIFF;TRUE;100;IN Correction;;
37633;1/1/2021 00:00;VA;IN Correction;600;TRUE;MAN UPD SAP DIFF;TRUE;100;IN Correction;;
37636;1/1/2021 00:00;VA;IN Correction;700;TRUE;MAN UPD SAP DIFF;TRUE;100;IN Correction;;
37649;1/1/2021 00:00;VA;IN Correction;200;TRUE;MAN UPD SAP DIFF;TRUE;100;IN Correction;;
37659;1/1/2021 00:00;VA;IN Correction;200;TRUE;MAN UPD SAP DIFF;TRUE;100;IN Correction;;
37664;1/1/2021 00:00;VA;IN Correction;200;TRUE;MAN UPD SAP DIFF;TRUE;100;IN Correction;;
37694;1/1/2021 00:00;VA;IN Correction;100;TRUE;MAN UPD SAP DIFF;TRUE;100;IN Correction;;
37737;1/1/2021 00:00;VA;IN Correction;300;TRUE;MAN UPD SAP DIFF;TRUE;100;IN Correction;;
37765;1/1/2021 00:00;VA;IN Correction;100;TRUE;MAN UPD SAP DIFF;TRUE;100;IN Correction;;
37818;1/1/2021 00:00;VA;IN Correction;640;TRUE;MAN UPD SAP DIFF;TRUE;100;IN Correction;;
37827;1/1/2021 00:00;VA;IN Correction;2600;TRUE;MAN UPD SAP DIFF;TRUE;100;IN Correction;;
37835;1/1/2021 00:00;VA;IN Correction;180;TRUE;MAN UPD SAP DIFF;TRUE;100;IN Correction;;
37870;1/1/2021 00:00;VA;IN Correction;200;TRUE;MAN UPD SAP DIFF;TRUE;100;IN Correction;;
37888;1/1/2021 00:00;VA;IN Correction;2100;TRUE;MAN UPD SAP DIFF;TRUE;100;IN Correction;;
37911;1/1/2021 00:00;VA;IN Correction;100;TRUE;MAN UPD SAP DIFF;TRUE;100;IN Correction;;
37918;1/1/2021 00:00;VA;IN Correction;1100;TRUE;MAN UPD SAP DIFF;TRUE;100;IN Correction;;
37924;1/1/2021 00:00;VA;IN Correction;600;TRUE;MAN UPD SAP DIFF;TRUE;100;IN Correction;;
37942;1/1/2021 00:00;VA;IN Correction;100;TRUE;MAN UPD SAP DIFF;TRUE;100;IN Correction;;
37954;1/1/2021 00:00;VA;IN Correction;900;TRUE;MAN UPD SAP DIFF;TRUE;100;IN Correction;;
37960;1/1/2021 00:00;VA;IN Correction;100;TRUE;MAN UPD SAP DIFF;TRUE;100;IN Correction;;
37981;1/1/2021 00:00;VA;IN Correction;100;TRUE;MAN UPD SAP DIFF;TRUE;100;IN Correction;;
38078;1/1/2021 00:00;VA;IN Correction;100;TRUE;MAN UPD SAP DIFF;TRUE;100;IN Correction;;
38199;1/1/2021 00:00;VA;IN Correction;400;TRUE;MAN UPD SAP DIFF;TRUE;100;IN Correction;;
38204;1/1/2021 00:00;VA;IN Correction;1100;TRUE;MAN UPD SAP DIFF;TRUE;100;IN Correction;;
38216;1/1/2021 00:00;VA;IN Correction;600;TRUE;MAN UPD SAP DIFF;TRUE;100;IN Correction;;
38220;1/1/2021 00:00;VA;IN Correction;400;TRUE;MAN UPD SAP DIFF;TRUE;100;IN Correction;;
38223;1/1/2021 00:00;VA;IN Correction;400;TRUE;MAN UPD SAP DIFF;TRUE;100;IN Correction;;
38229;1/1/2021 00:00;VA;IN Correction;400;TRUE;MAN UPD SAP DIFF;TRUE;100;IN Correction;;
38234;1/1/2021 00:00;VA;IN Correction;600;TRUE;MAN UPD SAP DIFF;TRUE;100;IN Correction;;
38237;1/1/2021 00:00;VA;IN Correction;400;TRUE;MAN UPD SAP DIFF;TRUE;100;IN Correction;;
38242;1/1/2021 00:00;VA;IN Correction;300;TRUE;MAN UPD SAP DIFF;TRUE;100;IN Correction;;
38292;1/1/2021 00:00;VA;IN Correction;400;TRUE;MAN UPD SAP DIFF;TRUE;100;IN Correction;;
38306;1/1/2021 00:00;VA;IN Correction;100;TRUE;MAN UPD SAP DIFF;TRUE;100;IN Correction;;
38316;1/1/2021 00:00;VA;IN Correction;100;TRUE;MAN UPD SAP DIFF;TRUE;100;IN Correction;;
38323;1/1/2021 00:00;VA;IN Correction;100;TRUE;MAN UPD SAP DIFF;TRUE;100;IN Correction;;
38334;1/1/2021 00:00;VA;IN Correction;400;TRUE;MAN UPD SAP DIFF;TRUE;100;IN Correction;;
38337;1/1/2021 00:00;VA;IN Correction;100;TRUE;MAN UPD SAP DIFF;TRUE;100;IN Correction;;
38524;1/1/2021 00:00;VA;IN Correction;900;TRUE;MAN UPD SAP DIFF;TRUE;100;IN Correction;;
38538;1/1/2021 00:00;VA;IN Correction;500;TRUE;MAN UPD SAP DIFF;TRUE;100;IN Correction;;
38540;1/1/2021 00:00;VA;IN Correction;300;TRUE;MAN UPD SAP DIFF;TRUE;100;IN Correction;;
38553;1/1/2021 00:00;VA;IN Correction;100;TRUE;MAN UPD SAP DIFF;TRUE;100;IN Correction;;
38557;1/1/2021 00:00;VA;IN Correction;600;TRUE;MAN UPD SAP DIFF;TRUE;100;IN Correction;;
38561;1/1/2021 00:00;VA;IN Correction;700;TRUE;MAN UPD SAP DIFF;TRUE;100;IN Correction;;
38562;1/1/2021 00:00;VA;IN Correction;1000;TRUE;MAN UPD SAP DIFF;TRUE;100;IN Correction;;
38567;1/1/2021 00:00;VA;IN Correction;1400;TRUE;MAN UPD SAP DIFF;TRUE;100;IN Correction;;
38580;1/1/2021 00:00;VA;IN Correction;300;TRUE;MAN UPD SAP DIFF;TRUE;100;IN Correction;;
38588;1/1/2021 00:00;VA;IN Correction;700;TRUE;MAN UPD SAP DIFF;TRUE;100;IN Correction;;
38595;1/1/2021 00:00;VA;IN Correction;900;TRUE;MAN UPD SAP DIFF;TRUE;100;IN Correction;;
38605;1/1/2021 00:00;VA;IN Correction;400;TRUE;MAN UPD SAP DIFF;TRUE;100;IN Correction;;
38607;1/1/2021 00:00;VA;IN Correction;700;TRUE;MAN UPD SAP DIFF;TRUE;100;IN Correction;;
38613;1/1/2021 00:00;VA;IN Correction;400;TRUE;MAN UPD SAP DIFF;TRUE;100;IN Correction;;
38614;1/1/2021 00:00;VA;IN Correction;500;TRUE;MAN UPD SAP DIFF;TRUE;100;IN Correction;;
38615;1/1/2021 00:00;VA;IN Correction;900;TRUE;MAN UPD SAP DIFF;TRUE;100;IN Correction;;
38622;1/1/2021 00:00;VA;IN Correction;400;TRUE;MAN UPD SAP DIFF;TRUE;100;IN Correction;;
38623;1/1/2021 00:00;VA;IN Correction;600;TRUE;MAN UPD SAP DIFF;TRUE;100;IN Correction;;
38624;1/1/2021 00:00;VA;IN Correction;600;TRUE;MAN UPD SAP DIFF;TRUE;100;IN Correction;;
38627;1/1/2021 00:00;VA;IN Correction;300;TRUE;MAN UPD SAP DIFF;TRUE;100;IN Correction;;
38628;1/1/2021 00:00;VA;IN Correction;100;TRUE;MAN UPD SAP DIFF;TRUE;100;IN Correction;;
38630;1/1/2021 00:00;VA;IN Correction;400;TRUE;MAN UPD SAP DIFF;TRUE;100;IN Correction;;
38634;1/1/2021 00:00;VA;IN Correction;400;TRUE;MAN UPD SAP DIFF;TRUE;100;IN Correction;;
38648;1/1/2021 00:00;VA;IN Correction;600;TRUE;MAN UPD SAP DIFF;TRUE;100;IN Correction;;
38701;1/1/2021 00:00;VA;IN Correction;500;TRUE;MAN UPD SAP DIFF;TRUE;100;IN Correction;;
38716;1/1/2021 00:00;VA;IN Correction;500;TRUE;MAN UPD SAP DIFF;TRUE;100;IN Correction;;
38747;1/1/2021 00:00;VA;IN Correction;1000;TRUE;MAN UPD SAP DIFF;TRUE;100;IN Correction;;
38791;1/1/2021 00:00;VA;IN Correction;900;TRUE;MAN UPD SAP DIFF;TRUE;100;IN Correction;;
38821;1/1/2021 00:00;VA;IN Correction;700;TRUE;MAN UPD SAP DIFF;TRUE;100;IN Correction;;
38828;1/1/2021 00:00;VA;IN Correction;100;TRUE;MAN UPD SAP DIFF;TRUE;100;IN Correction;;
38833;1/1/2021 00:00;VA;IN Correction;500;TRUE;MAN UPD SAP DIFF;TRUE;100;IN Correction;;
38835;1/1/2021 00:00;VA;IN Correction;200;TRUE;MAN UPD SAP DIFF;TRUE;100;IN Correction;;
38859;1/1/2021 00:00;VA;IN Correction;400;TRUE;MAN UPD SAP DIFF;TRUE;100;IN Correction;;
38864;1/1/2021 00:00;VA;IN Correction;300;TRUE;MAN UPD SAP DIFF;TRUE;100;IN Correction;;
38871;1/1/2021 00:00;VA;IN Correction;300;TRUE;MAN UPD SAP DIFF;TRUE;100;IN Correction;;
38873;1/1/2021 00:00;VA;IN Correction;400;TRUE;MAN UPD SAP DIFF;TRUE;100;IN Correction;;
38879;1/1/2021 00:00;VA;IN Correction;600;TRUE;MAN UPD SAP DIFF;TRUE;100;IN Correction;;
38886;1/1/2021 00:00;VA;IN Correction;200;TRUE;MAN UPD SAP DIFF;TRUE;100;IN Correction;;
38901;1/1/2021 00:00;VA;IN Correction;2600;TRUE;MAN UPD SAP DIFF;TRUE;100;IN Correction;;
38903;1/1/2021 00:00;VA;IN Correction;400;TRUE;MAN UPD SAP DIFF;TRUE;100;IN Correction;;
38904;1/1/2021 00:00;VA;IN Correction;600;TRUE;MAN UPD SAP DIFF;TRUE;100;IN Correction;;
38907;1/1/2021 00:00;VA;IN Correction;300;TRUE;MAN UPD SAP DIFF;TRUE;100;IN Correction;;
38909;1/1/2021 00:00;VA;IN Correction;800;TRUE;MAN UPD SAP DIFF;TRUE;100;IN Correction;;
38975;1/1/2021 00:00;VA;IN Correction;600;TRUE;MAN UPD SAP DIFF;TRUE;100;IN Correction;;
38986;1/1/2021 00:00;VA;IN Correction;600;TRUE;MAN UPD SAP DIFF;TRUE;100;IN Correction;;
38988;1/1/2021 00:00;VA;IN Correction;300;TRUE;MAN UPD SAP DIFF;TRUE;100;IN Correction;;
39015;1/1/2021 00:00;VA;IN Correction;200;TRUE;MAN UPD SAP DIFF;TRUE;100;IN Correction;;
39037;1/1/2021 00:00;VA;IN Correction;300;TRUE;MAN UPD SAP DIFF;TRUE;100;IN Correction;;
39048;1/1/2021 00:00;VA;IN Correction;900;TRUE;MAN UPD SAP DIFF;TRUE;100;IN Correction;;
39065;1/1/2021 00:00;VA;IN Correction;500;TRUE;MAN UPD SAP DIFF;TRUE;100;IN Correction;;
39078;1/1/2021 00:00;VA;IN Correction;800;TRUE;MAN UPD SAP DIFF;TRUE;100;IN Correction;;
39103;1/1/2021 00:00;VA;IN Correction;900;TRUE;MAN UPD SAP DIFF;TRUE;100;IN Correction;;
39108;1/1/2021 00:00;VA;IN Correction;400;TRUE;MAN UPD SAP DIFF;TRUE;100;IN Correction;;
39118;1/1/2021 00:00;VA;IN Correction;800;TRUE;MAN UPD SAP DIFF;TRUE;100;IN Correction;;
39126;1/1/2021 00:00;VA;IN Correction;1200;TRUE;MAN UPD SAP DIFF;TRUE;100;IN Correction;;
39131;1/1/2021 00:00;VA;IN Correction;400;TRUE;MAN UPD SAP DIFF;TRUE;100;IN Correction;;
39143;1/1/2021 00:00;VA;IN Correction;800;TRUE;MAN UPD SAP DIFF;TRUE;100;IN Correction;;
39213;1/1/2021 00:00;VA;IN Correction;530;TRUE;MAN UPD SAP DIFF;TRUE;100;IN Correction;;
39233;1/1/2021 00:00;VA;IN Correction;300;TRUE;MAN UPD SAP DIFF;TRUE;100;IN Correction;;
39248;1/1/2021 00:00;VA;IN Correction;1000;TRUE;MAN UPD SAP DIFF;TRUE;100;IN Correction;;
39250;1/1/2021 00:00;VA;IN Correction;300;TRUE;MAN UPD SAP DIFF;TRUE;100;IN Correction;;
39260;1/1/2021 00:00;VA;IN Correction;500;TRUE;MAN UPD SAP DIFF;TRUE;100;IN Correction;;
39264;1/1/2021 00:00;VA;IN Correction;1100;TRUE;MAN UPD SAP DIFF;TRUE;100;IN Correction;;
39266;1/1/2021 00:00;VA;IN Correction;300;TRUE;MAN UPD SAP DIFF;TRUE;100;IN Correction;;
39273;1/1/2021 00:00;VA;IN Correction;700;TRUE;MAN UPD SAP DIFF;TRUE;100;IN Correction;;
39285;1/1/2021 00:00;VA;IN Correction;200;TRUE;MAN UPD SAP DIFF;TRUE;100;IN Correction;;
39298;1/1/2021 00:00;VA;IN Correction;600;TRUE;MAN UPD SAP DIFF;TRUE;100;IN Correction;;
39307;1/1/2021 00:00;VA;IN Correction;300;TRUE;MAN UPD SAP DIFF;TRUE;100;IN Correction;;
39313;1/1/2021 00:00;VA;IN Correction;200;TRUE;MAN UPD SAP DIFF;TRUE;100;IN Correction;;
39351;1/1/2021 00:00;VA;IN Correction;200;TRUE;MAN UPD SAP DIFF;TRUE;100;IN Correction;;
39354;1/1/2021 00:00;VA;IN Correction;400;TRUE;MAN UPD SAP DIFF;TRUE;100;IN Correction;;
39359;1/1/2021 00:00;VA;IN Correction;700;TRUE;MAN UPD SAP DIFF;TRUE;100;IN Correction;;
39384;1/1/2021 00:00;VA;IN Correction;2600;TRUE;MAN UPD SAP DIFF;TRUE;100;IN Correction;;
39389;1/1/2021 00:00;VA;IN Correction;100;TRUE;MAN UPD SAP DIFF;TRUE;100;IN Correction;;
39393;1/1/2021 00:00;VA;IN Correction;200;TRUE;MAN UPD SAP DIFF;TRUE;100;IN Correction;;
39394;1/1/2021 00:00;VA;IN Correction;600;TRUE;MAN UPD SAP DIFF;TRUE;100;IN Correction;;
39400;1/1/2021 00:00;VA;IN Correction;600;TRUE;MAN UPD SAP DIFF;TRUE;100;IN Correction;;
39402;1/1/2021 00:00;VA;IN Correction;400;TRUE;MAN UPD SAP DIFF;TRUE;100;IN Correction;;
39427;1/1/2021 00:00;VA;IN Correction;1100;TRUE;MAN UPD SAP DIFF;TRUE;100;IN Correction;;
39428;1/1/2021 00:00;VA;IN Correction;100;TRUE;MAN UPD SAP DIFF;TRUE;100;IN Correction;;
39558;1/1/2021 00:00;VA;IN Correction;300;TRUE;MAN UPD SAP DIFF;TRUE;100;IN Correction;;
39563;1/1/2021 00:00;VA;IN Correction;100;TRUE;MAN UPD SAP DIFF;TRUE;100;IN Correction;;
39589;1/1/2021 00:00;VA;IN Correction;300;TRUE;MAN UPD SAP DIFF;TRUE;100;IN Correction;;
39590;1/1/2021 00:00;VA;IN Correction;400;TRUE;MAN UPD SAP DIFF;TRUE;100;IN Correction;;
39594;1/1/2021 00:00;VA;IN Correction;200;TRUE;MAN UPD SAP DIFF;TRUE;100;IN Correction;;
39616;1/1/2021 00:00;VA;IN Correction;200;TRUE;MAN UPD SAP DIFF;TRUE;100;IN Correction;;
39626;1/1/2021 00:00;VA;IN Correction;700;TRUE;MAN UPD SAP DIFF;TRUE;100;IN Correction;;
39628;1/1/2021 00:00;VA;IN Correction;500;TRUE;MAN UPD SAP DIFF;TRUE;100;IN Correction;;
39670;1/1/2021 00:00;VA;IN Correction;1200;TRUE;MAN UPD SAP DIFF;TRUE;100;IN Correction;;
39689;1/1/2021 00:00;VA;IN Correction;200;TRUE;MAN UPD SAP DIFF;TRUE;100;IN Correction;;
39696;1/1/2021 00:00;VA;IN Correction;500;TRUE;MAN UPD SAP DIFF;TRUE;100;IN Correction;;
39701;1/1/2021 00:00;VA;IN Correction;200;TRUE;MAN UPD SAP DIFF;TRUE;100;IN Correction;;
39746;1/1/2021 00:00;VA;IN Correction;300;TRUE;MAN UPD SAP DIFF;TRUE;100;IN Correction;;
39749;1/1/2021 00:00;VA;IN Correction;700;TRUE;MAN UPD SAP DIFF;TRUE;100;IN Correction;;
39755;1/1/2021 00:00;VA;IN Correction;100;TRUE;MAN UPD SAP DIFF;TRUE;100;IN Correction;;
39804;1/1/2021 00:00;VA;IN Correction;400;TRUE;MAN UPD SAP DIFF;TRUE;100;IN Correction;;
39805;1/1/2021 00:00;VA;IN Correction;200;TRUE;MAN UPD SAP DIFF;TRUE;100;IN Correction;;
39826;1/1/2021 00:00;VA;IN Correction;200;TRUE;MAN UPD SAP DIFF;TRUE;100;IN Correction;;
39827;1/1/2021 00:00;VA;IN Correction;100;TRUE;MAN UPD SAP DIFF;TRUE;100;IN Correction;;
39828;1/1/2021 00:00;VA;IN Correction;500;TRUE;MAN UPD SAP DIFF;TRUE;100;IN Correction;;
39834;1/1/2021 00:00;VA;IN Correction;200;TRUE;MAN UPD SAP DIFF;TRUE;100;IN Correction;;
39837;1/1/2021 00:00;VA;IN Correction;100;TRUE;MAN UPD SAP DIFF;TRUE;100;IN Correction;;
39882;1/1/2021 00:00;VA;IN Correction;100;TRUE;MAN UPD SAP DIFF;TRUE;100;IN Correction;;
39906;1/1/2021 00:00;VA;IN Correction;400;TRUE;MAN UPD SAP DIFF;TRUE;100;IN Correction;;
39910;1/1/2021 00:00;VA;IN Correction;700;TRUE;MAN UPD SAP DIFF;TRUE;100;IN Correction;;
39911;1/1/2021 00:00;VA;IN Correction;900;TRUE;MAN UPD SAP DIFF;TRUE;100;IN Correction;;
39924;1/1/2021 00:00;VA;IN Correction;100;TRUE;MAN UPD SAP DIFF;TRUE;100;IN Correction;;
39928;1/1/2021 00:00;VA;IN Correction;100;TRUE;MAN UPD SAP DIFF;TRUE;100;IN Correction;;
60856;1/1/2021 00:00;VA;IN Correction;100;TRUE;MAN UPD SAP DIFF;TRUE;100;IN Correction;;
61636;1/1/2021 00:00;VA;IN Correction;400;TRUE;MAN UPD SAP DIFF;TRUE;100;IN Correction;;
61656;1/1/2021 00:00;VA;IN Correction;100;TRUE;MAN UPD SAP DIFF;TRUE;100;IN Correction;;
61707;1/1/2021 00:00;VA;IN Correction;700;TRUE;MAN UPD SAP DIFF;TRUE;100;IN Correction;;
62093;1/1/2021 00:00;VA;IN Correction;700;TRUE;MAN UPD SAP DIFF;TRUE;100;IN Correction;;
62108;1/1/2021 00:00;VA;IN Correction;100;TRUE;MAN UPD SAP DIFF;TRUE;100;IN Correction;;
62131;1/1/2021 00:00;VA;IN Correction;1100;TRUE;MAN UPD SAP DIFF;TRUE;100;IN Correction;;
62200;1/1/2021 00:00;VA;IN Correction;400;TRUE;MAN UPD SAP DIFF;TRUE;100;IN Correction;;
62338;1/1/2021 00:00;VA;IN Correction;100;TRUE;MAN UPD SAP DIFF;TRUE;100;IN Correction;;
62411;1/1/2021 00:00;VA;IN Correction;200;TRUE;MAN UPD SAP DIFF;TRUE;100;IN Correction;;
62451;1/1/2021 00:00;VA;IN Correction;700;TRUE;MAN UPD SAP DIFF;TRUE;100;IN Correction;;
62594;1/1/2021 00:00;VA;IN Correction;500;TRUE;MAN UPD SAP DIFF;TRUE;100;IN Correction;;
62679;1/1/2021 00:00;VA;IN Correction;500;TRUE;MAN UPD SAP DIFF;TRUE;100;IN Correction;;
62718;1/1/2021 00:00;VA;IN Correction;500;TRUE;MAN UPD SAP DIFF;TRUE;100;IN Correction;;
62863;1/1/2021 00:00;VA;IN Correction;800;TRUE;MAN UPD SAP DIFF;TRUE;100;IN Correction;;
62883;1/1/2021 00:00;VA;IN Correction;500;TRUE;MAN UPD SAP DIFF;TRUE;100;IN Correction;;
62969;1/1/2021 00:00;VA;IN Correction;200;TRUE;MAN UPD SAP DIFF;TRUE;100;IN Correction;;
62972;1/1/2021 00:00;VA;IN Correction;500;TRUE;MAN UPD SAP DIFF;TRUE;100;IN Correction;;
63241;1/1/2021 00:00;VA;IN Correction;300;TRUE;MAN UPD SAP DIFF;TRUE;100;IN Correction;;
63894;1/1/2021 00:00;VA;IN Correction;600;TRUE;MAN UPD SAP DIFF;TRUE;100;IN Correction;;
63909;1/1/2021 00:00;VA;IN Correction;500;TRUE;MAN UPD SAP DIFF;TRUE;100;IN Correction;;
64032;1/1/2021 00:00;VA;IN Correction;400;TRUE;MAN UPD SAP DIFF;TRUE;100;IN Correction;;
64152;1/1/2021 00:00;VA;IN Correction;300;TRUE;MAN UPD SAP DIFF;TRUE;100;IN Correction;;
64373;1/1/2021 00:00;VA;IN Correction;800;TRUE;MAN UPD SAP DIFF;TRUE;100;IN Correction;;
64474;1/1/2021 00:00;VA;IN Correction;400;TRUE;MAN UPD SAP DIFF;TRUE;100;IN Correction;;
64515;1/1/2021 00:00;VA;IN Correction;1500;TRUE;MAN UPD SAP DIFF;TRUE;100;IN Correction;;
64750;1/1/2021 00:00;VA;IN Correction;400;TRUE;MAN UPD SAP DIFF;TRUE;100;IN Correction;;
64783;1/1/2021 00:00;VA;IN Correction;900;TRUE;MAN UPD SAP DIFF;TRUE;100;IN Correction;;
64821;1/1/2021 00:00;VA;IN Correction;100;TRUE;MAN UPD SAP DIFF;TRUE;100;IN Correction;;
65038;1/1/2021 00:00;VA;IN Correction;300;TRUE;MAN UPD SAP DIFF;TRUE;100;IN Correction;;
65140;1/1/2021 00:00;VA;IN Correction;200;TRUE;MAN UPD SAP DIFF;TRUE;100;IN Correction;;
65168;1/1/2021 00:00;VA;IN Correction;200;TRUE;MAN UPD SAP DIFF;TRUE;100;IN Correction;;
65183;1/1/2021 00:00;VA;IN Correction;100;TRUE;MAN UPD SAP DIFF;TRUE;100;IN Correction;;
65694;1/1/2021 00:00;VA;IN Correction;300;TRUE;MAN UPD SAP DIFF;TRUE;100;IN Correction;;
65863;1/1/2021 00:00;VA;IN Correction;400;TRUE;MAN UPD SAP DIFF;TRUE;100;IN Correction;;
66368;1/1/2021 00:00;VA;IN Correction;200;TRUE;MAN UPD SAP DIFF;TRUE;100;IN Correction;;
66532;1/1/2021 00:00;VA;IN Correction;200;TRUE;MAN UPD SAP DIFF;TRUE;100;IN Correction;;
66988;1/1/2021 00:00;VA;IN Correction;600;TRUE;MAN UPD SAP DIFF;TRUE;100;IN Correction;;
67135;1/1/2021 00:00;VA;IN Correction;500;TRUE;MAN UPD SAP DIFF;TRUE;100;IN Correction;;
67314;1/1/2021 00:00;VA;IN Correction;600;TRUE;MAN UPD SAP DIFF;TRUE;100;IN Correction;;
67469;1/1/2021 00:00;VA;IN Correction;200;TRUE;MAN UPD SAP DIFF;TRUE;100;IN Correction;;
67542;1/1/2021 00:00;VA;IN Correction;100;TRUE;MAN UPD SAP DIFF;TRUE;100;IN Correction;;
67608;1/1/2021 00:00;VA;IN Correction;200;TRUE;MAN UPD SAP DIFF;TRUE;100;IN Correction;;
67620;1/1/2021 00:00;VA;IN Correction;200;TRUE;MAN UPD SAP DIFF;TRUE;100;IN Correction;;
67823;1/1/2021 00:00;VA;IN Correction;100;TRUE;MAN UPD SAP DIFF;TRUE;100;IN Correction;;
67826;1/1/2021 00:00;VA;IN Correction;800;TRUE;MAN UPD SAP DIFF;TRUE;100;IN Correction;;
67934;1/1/2021 00:00;VA;IN Correction;1000;TRUE;MAN UPD SAP DIFF;TRUE;100;IN Correction;;
68440;1/1/2021 00:00;VA;IN Correction;1110;TRUE;MAN UPD SAP DIFF;TRUE;100;IN Correction;;
68512;1/1/2021 00:00;VA;IN Correction;100;TRUE;MAN UPD SAP DIFF;TRUE;100;IN Correction;;
68685;1/1/2021 00:00;VA;IN Correction;400;TRUE;MAN UPD SAP DIFF;TRUE;100;IN Correction;;
68714;1/1/2021 00:00;VA;IN Correction;900;TRUE;MAN UPD SAP DIFF;TRUE;100;IN Correction;;
68817;1/1/2021 00:00;VA;IN Correction;300;TRUE;MAN UPD SAP DIFF;TRUE;100;IN Correction;;
68848;1/1/2021 00:00;VA;IN Correction;400;TRUE;MAN UPD SAP DIFF;TRUE;100;IN Correction;;
69115;1/1/2021 00:00;VA;IN Correction;500;TRUE;MAN UPD SAP DIFF;TRUE;100;IN Correction;;
69281;1/1/2021 00:00;VA;IN Correction;500;TRUE;MAN UPD SAP DIFF;TRUE;100;IN Correction;;
69402;1/1/2021 00:00;VA;IN Correction;500;TRUE;MAN UPD SAP DIFF;TRUE;100;IN Correction;;
69727;1/1/2021 00:00;VA;IN Correction;100;TRUE;MAN UPD SAP DIFF;TRUE;100;IN Correction;;
69754;1/1/2021 00:00;VA;IN Correction;700;TRUE;MAN UPD SAP DIFF;TRUE;100;IN Correction;;
69787;1/1/2021 00:00;VA;IN Correction;200;TRUE;MAN UPD SAP DIFF;TRUE;100;IN Correction;;
69794;1/1/2021 00:00;VA;IN Correction;200;TRUE;MAN UPD SAP DIFF;TRUE;100;IN Correction;;
69929;1/1/2021 00:00;VA;IN Correction;200;TRUE;MAN UPD SAP DIFF;TRUE;100;IN Correction;;
86561;1/1/2021 00:00;VA;IN Correction;600;TRUE;MAN UPD SAP DIFF;TRUE;100;IN Correction;;
86576;1/1/2021 00:00;VA;IN Correction;600;TRUE;MAN UPD SAP DIFF;TRUE;100;IN Correction;;
86596;1/1/2021 00:00;VA;IN Correction;800;TRUE;MAN UPD SAP DIFF;TRUE;100;IN Correction;;
86616;1/1/2021 00:00;VA;IN Correction;600;TRUE;MAN UPD SAP DIFF;TRUE;100;IN Correction;;
86620;1/1/2021 00:00;VA;IN Correction;800;TRUE;MAN UPD SAP DIFF;TRUE;100;IN Correction;;
86624;1/1/2021 00:00;VA;IN Correction;500;TRUE;MAN UPD SAP DIFF;TRUE;100;IN Correction;;
86633;1/1/2021 00:00;VA;IN Correction;100;TRUE;MAN UPD SAP DIFF;TRUE;100;IN Correction;;
10069;1/1/2021 00:00;VA;OUT Correction;-1100;TRUE;MAN UPD SAP DIFF;TRUE;-100;OUT Correction;;
17094;1/1/2021 00:00;VA;OUT Correction;-125;TRUE;MAN UPD SAP DIFF;TRUE;-100;OUT Correction;;
26495;1/1/2021 00:00;VA;OUT Correction;-200;TRUE;MAN UPD SAP DIFF;TRUE;-100;OUT Correction;;
29424;1/1/2021 00:00;VA;OUT Correction;-1000;TRUE;MAN UPD SAP DIFF;TRUE;-100;OUT Correction;;
30008;1/1/2021 00:00;VA;OUT Correction;-1200;TRUE;MAN UPD SAP DIFF;TRUE;-100;OUT Correction;;
30021;1/1/2021 00:00;VA;OUT Correction;-300;TRUE;MAN UPD SAP DIFF;TRUE;-100;OUT Correction;;
30031;1/1/2021 00:00;VA;OUT Correction;-8400;TRUE;MAN UPD SAP DIFF;TRUE;-100;OUT Correction;;
30039;1/1/2021 00:00;VA;OUT Correction;-5800;TRUE;MAN UPD SAP DIFF;TRUE;-100;OUT Correction;;
30651;1/1/2021 00:00;VA;OUT Correction;-600;TRUE;MAN UPD SAP DIFF;TRUE;-100;OUT Correction;;
30755;1/1/2021 00:00;VA;OUT Correction;-500;TRUE;MAN UPD SAP DIFF;TRUE;-100;OUT Correction;;
30783;1/1/2021 00:00;VA;OUT Correction;-200;TRUE;MAN UPD SAP DIFF;TRUE;-100;OUT Correction;;
30846;1/1/2021 00:00;VA;OUT Correction;-400;TRUE;MAN UPD SAP DIFF;TRUE;-100;OUT Correction;;
31637;1/1/2021 00:00;VA;OUT Correction;-200;TRUE;MAN UPD SAP DIFF;TRUE;-100;OUT Correction;;
31697;1/1/2021 00:00;VA;OUT Correction;-500;TRUE;MAN UPD SAP DIFF;TRUE;-100;OUT Correction;;
32857;1/1/2021 00:00;VA;OUT Correction;-2700;TRUE;MAN UPD SAP DIFF;TRUE;-100;OUT Correction;;
33350;1/1/2021 00:00;VA;OUT Correction;-200;TRUE;MAN UPD SAP DIFF;TRUE;-100;OUT Correction;;
33410;1/1/2021 00:00;VA;OUT Correction;-300;TRUE;MAN UPD SAP DIFF;TRUE;-100;OUT Correction;;
33516;1/1/2021 00:00;VA;OUT Correction;-1200;TRUE;MAN UPD SAP DIFF;TRUE;-100;OUT Correction;;
33886;1/1/2021 00:00;VA;OUT Correction;-400;TRUE;MAN UPD SAP DIFF;TRUE;-100;OUT Correction;;
34106;1/1/2021 00:00;VA;OUT Correction;-200;TRUE;MAN UPD SAP DIFF;TRUE;-100;OUT Correction;;
34251;1/1/2021 00:00;VA;OUT Correction;-700;TRUE;MAN UPD SAP DIFF;TRUE;-100;OUT Correction;;
34296;1/1/2021 00:00;VA;OUT Correction;-200;TRUE;MAN UPD SAP DIFF;TRUE;-100;OUT Correction;;
34355;1/1/2021 00:00;VA;OUT Correction;-400;TRUE;MAN UPD SAP DIFF;TRUE;-100;OUT Correction;;
34431;1/1/2021 00:00;VA;OUT Correction;-300;TRUE;MAN UPD SAP DIFF;TRUE;-100;OUT Correction;;
34459;1/1/2021 00:00;VA;OUT Correction;-700;TRUE;MAN UPD SAP DIFF;TRUE;-100;OUT Correction;;
34474;1/1/2021 00:00;VA;OUT Correction;-5900;TRUE;MAN UPD SAP DIFF;TRUE;-100;OUT Correction;;
34478;1/1/2021 00:00;VA;OUT Correction;-500;TRUE;MAN UPD SAP DIFF;TRUE;-100;OUT Correction;;
34662;1/1/2021 00:00;VA;OUT Correction;-100;TRUE;MAN UPD SAP DIFF;TRUE;-100;OUT Correction;;
34797;1/1/2021 00:00;VA;OUT Correction;-100;TRUE;MAN UPD SAP DIFF;TRUE;-100;OUT Correction;;
34871;1/1/2021 00:00;VA;OUT Correction;-400;TRUE;MAN UPD SAP DIFF;TRUE;-100;OUT Correction;;
35001;1/1/2021 00:00;VA;OUT Correction;-100;TRUE;MAN UPD SAP DIFF;TRUE;-100;OUT Correction;;
35011;1/1/2021 00:00;VA;OUT Correction;-900;TRUE;MAN UPD SAP DIFF;TRUE;-100;OUT Correction;;
35013;1/1/2021 00:00;VA;OUT Correction;-400;TRUE;MAN UPD SAP DIFF;TRUE;-100;OUT Correction;;
35025;1/1/2021 00:00;VA;OUT Correction;-1100;TRUE;MAN UPD SAP DIFF;TRUE;-100;OUT Correction;;
35080;1/1/2021 00:00;VA;OUT Correction;-100;TRUE;MAN UPD SAP DIFF;TRUE;-100;OUT Correction;;
35084;1/1/2021 00:00;VA;OUT Correction;-600;TRUE;MAN UPD SAP DIFF;TRUE;-100;OUT Correction;;
35325;1/1/2021 00:00;VA;OUT Correction;-200;TRUE;MAN UPD SAP DIFF;TRUE;-100;OUT Correction;;
35408;1/1/2021 00:00;VA;OUT Correction;-600;TRUE;MAN UPD SAP DIFF;TRUE;-100;OUT Correction;;
35441;1/1/2021 00:00;VA;OUT Correction;-3875;TRUE;MAN UPD SAP DIFF;TRUE;-100;OUT Correction;;
35501;1/1/2021 00:00;VA;OUT Correction;-300;TRUE;MAN UPD SAP DIFF;TRUE;-100;OUT Correction;;
35604;1/1/2021 00:00;VA;OUT Correction;-900;TRUE;MAN UPD SAP DIFF;TRUE;-100;OUT Correction;;
35665;1/1/2021 00:00;VA;OUT Correction;-500;TRUE;MAN UPD SAP DIFF;TRUE;-100;OUT Correction;;
36867;1/1/2021 00:00;VA;OUT Correction;-9900;TRUE;MAN UPD SAP DIFF;TRUE;-100;OUT Correction;;
37163;1/1/2021 00:00;VA;OUT Correction;-4200;TRUE;MAN UPD SAP DIFF;TRUE;-100;OUT Correction;;
37195;1/1/2021 00:00;VA;OUT Correction;-300;TRUE;MAN UPD SAP DIFF;TRUE;-100;OUT Correction;;
37322;1/1/2021 00:00;VA;OUT Correction;-700;TRUE;MAN UPD SAP DIFF;TRUE;-100;OUT Correction;;
37710;1/1/2021 00:00;VA;OUT Correction;-400;TRUE;MAN UPD SAP DIFF;TRUE;-100;OUT Correction;;
37755;1/1/2021 00:00;VA;OUT Correction;-500;TRUE;MAN UPD SAP DIFF;TRUE;-100;OUT Correction;;
37819;1/1/2021 00:00;VA;OUT Correction;-270;TRUE;MAN UPD SAP DIFF;TRUE;-100;OUT Correction;;
37820;1/1/2021 00:00;VA;OUT Correction;-100;TRUE;MAN UPD SAP DIFF;TRUE;-100;OUT Correction;;
37859;1/1/2021 00:00;VA;OUT Correction;-200;TRUE;MAN UPD SAP DIFF;TRUE;-100;OUT Correction;;
37874;1/1/2021 00:00;VA;OUT Correction;-300;TRUE;MAN UPD SAP DIFF;TRUE;-100;OUT Correction;;
37904;1/1/2021 00:00;VA;OUT Correction;-300;TRUE;MAN UPD SAP DIFF;TRUE;-100;OUT Correction;;
37907;1/1/2021 00:00;VA;OUT Correction;-500;TRUE;MAN UPD SAP DIFF;TRUE;-100;OUT Correction;;
38025;1/1/2021 00:00;VA;OUT Correction;-300;TRUE;MAN UPD SAP DIFF;TRUE;-100;OUT Correction;;
38040;1/1/2021 00:00;VA;OUT Correction;-300;TRUE;MAN UPD SAP DIFF;TRUE;-100;OUT Correction;;
38114;1/1/2021 00:00;VA;OUT Correction;-1400;TRUE;MAN UPD SAP DIFF;TRUE;-100;OUT Correction;;
38210;1/1/2021 00:00;VA;OUT Correction;-100;TRUE;MAN UPD SAP DIFF;TRUE;-100;OUT Correction;;
38226;1/1/2021 00:00;VA;OUT Correction;-1900;TRUE;MAN UPD SAP DIFF;TRUE;-100;OUT Correction;;
38245;1/1/2021 00:00;VA;OUT Correction;-500;TRUE;MAN UPD SAP DIFF;TRUE;-100;OUT Correction;;
38303;1/1/2021 00:00;VA;OUT Correction;-1800;TRUE;MAN UPD SAP DIFF;TRUE;-100;OUT Correction;;
38310;1/1/2021 00:00;VA;OUT Correction;-3100;TRUE;MAN UPD SAP DIFF;TRUE;-100;OUT Correction;;
38521;1/1/2021 00:00;VA;OUT Correction;-100;TRUE;MAN UPD SAP DIFF;TRUE;-100;OUT Correction;;
38564;1/1/2021 00:00;VA;OUT Correction;-300;TRUE;MAN UPD SAP DIFF;TRUE;-100;OUT Correction;;
38565;1/1/2021 00:00;VA;OUT Correction;-200;TRUE;MAN UPD SAP DIFF;TRUE;-100;OUT Correction;;
38582;1/1/2021 00:00;VA;OUT Correction;-200;TRUE;MAN UPD SAP DIFF;TRUE;-100;OUT Correction;;
38609;1/1/2021 00:00;VA;OUT Correction;-100;TRUE;MAN UPD SAP DIFF;TRUE;-100;OUT Correction;;
38616;1/1/2021 00:00;VA;OUT Correction;-200;TRUE;MAN UPD SAP DIFF;TRUE;-100;OUT Correction;;
38629;1/1/2021 00:00;VA;OUT Correction;-900;TRUE;MAN UPD SAP DIFF;TRUE;-100;OUT Correction;;
38639;1/1/2021 00:00;VA;OUT Correction;-1400;TRUE;MAN UPD SAP DIFF;TRUE;-100;OUT Correction;;
38683;1/1/2021 00:00;VA;OUT Correction;-300;TRUE;MAN UPD SAP DIFF;TRUE;-100;OUT Correction;;
38798;1/1/2021 00:00;VA;OUT Correction;-100;TRUE;MAN UPD SAP DIFF;TRUE;-100;OUT Correction;;
38799;1/1/2021 00:00;VA;OUT Correction;-600;TRUE;MAN UPD SAP DIFF;TRUE;-100;OUT Correction;;
38805;1/1/2021 00:00;VA;OUT Correction;-400;TRUE;MAN UPD SAP DIFF;TRUE;-100;OUT Correction;;
38837;1/1/2021 00:00;VA;OUT Correction;-100;TRUE;MAN UPD SAP DIFF;TRUE;-100;OUT Correction;;
38883;1/1/2021 00:00;VA;OUT Correction;-8400;TRUE;MAN UPD SAP DIFF;TRUE;-100;OUT Correction;;
39010;1/1/2021 00:00;VA;OUT Correction;-300;TRUE;MAN UPD SAP DIFF;TRUE;-100;OUT Correction;;
39056;1/1/2021 00:00;VA;OUT Correction;-200;TRUE;MAN UPD SAP DIFF;TRUE;-100;OUT Correction;;
39125;1/1/2021 00:00;VA;OUT Correction;-500;TRUE;MAN UPD SAP DIFF;TRUE;-100;OUT Correction;;
39390;1/1/2021 00:00;VA;OUT Correction;-500;TRUE;MAN UPD SAP DIFF;TRUE;-100;OUT Correction;;
39477;1/1/2021 00:00;VA;OUT Correction;-100;TRUE;MAN UPD SAP DIFF;TRUE;-100;OUT Correction;;
39554;1/1/2021 00:00;VA;OUT Correction;-200;TRUE;MAN UPD SAP DIFF;TRUE;-100;OUT Correction;;
39596;1/1/2021 00:00;VA;OUT Correction;-500;TRUE;MAN UPD SAP DIFF;TRUE;-100;OUT Correction;;
39642;1/1/2021 00:00;VA;OUT Correction;-100;TRUE;MAN UPD SAP DIFF;TRUE;-100;OUT Correction;;
39648;1/1/2021 00:00;VA;OUT Correction;-400;TRUE;MAN UPD SAP DIFF;TRUE;-100;OUT Correction;;
39669;1/1/2021 00:00;VA;OUT Correction;-700;TRUE;MAN UPD SAP DIFF;TRUE;-100;OUT Correction;;
39707;1/1/2021 00:00;VA;OUT Correction;-400;TRUE;MAN UPD SAP DIFF;TRUE;-100;OUT Correction;;
39846;1/1/2021 00:00;VA;OUT Correction;-600;TRUE;MAN UPD SAP DIFF;TRUE;-100;OUT Correction;;
39912;1/1/2021 00:00;VA;OUT Correction;-1200;TRUE;MAN UPD SAP DIFF;TRUE;-100;OUT Correction;;
61668;1/1/2021 00:00;VA;OUT Correction;-800;TRUE;MAN UPD SAP DIFF;TRUE;-100;OUT Correction;;
61669;1/1/2021 00:00;VA;OUT Correction;-800;TRUE;MAN UPD SAP DIFF;TRUE;-100;OUT Correction;;
61706;1/1/2021 00:00;VA;OUT Correction;-8300;TRUE;MAN UPD SAP DIFF;TRUE;-100;OUT Correction;;
62334;1/1/2021 00:00;VA;OUT Correction;-800;TRUE;MAN UPD SAP DIFF;TRUE;-100;OUT Correction;;
63489;1/1/2021 00:00;VA;OUT Correction;-1100;TRUE;MAN UPD SAP DIFF;TRUE;-100;OUT Correction;;
63507;1/1/2021 00:00;VA;OUT Correction;-1100;TRUE;MAN UPD SAP DIFF;TRUE;-100;OUT Correction;;
65098;1/1/2021 00:00;VA;OUT Correction;-2000;TRUE;MAN UPD SAP DIFF;TRUE;-100;OUT Correction;;
65730;1/1/2021 00:00;VA;OUT Correction;-7900;TRUE;MAN UPD SAP DIFF;TRUE;-100;OUT Correction;;
65956;1/1/2021 00:00;VA;OUT Correction;-300;TRUE;MAN UPD SAP DIFF;TRUE;-100;OUT Correction;;
66389;1/1/2021 00:00;VA;OUT Correction;-1300;TRUE;MAN UPD SAP DIFF;TRUE;-100;OUT Correction;;
67330;1/1/2021 00:00;VA;OUT Correction;-3400;TRUE;MAN UPD SAP DIFF;TRUE;-100;OUT Correction;;
67752;1/1/2021 00:00;VA;OUT Correction;-3100;TRUE;MAN UPD SAP DIFF;TRUE;-100;OUT Correction;;
68026;1/1/2021 00:00;VA;OUT Correction;-8400;TRUE;MAN UPD SAP DIFF;TRUE;-100;OUT Correction;;
68451;1/1/2021 00:00;VA;OUT Correction;-300;TRUE;MAN UPD SAP DIFF;TRUE;-100;OUT Correction;;
68621;1/1/2021 00:00;VA;OUT Correction;-2400;TRUE;MAN UPD SAP DIFF;TRUE;-100;OUT Correction;;
69256;1/1/2021 00:00;VA;OUT Correction;-700;TRUE;MAN UPD SAP DIFF;TRUE;-100;OUT Correction;;
69593;1/1/2021 00:00;VA;OUT Correction;-900;TRUE;MAN UPD SAP DIFF;TRUE;-100;OUT Correction;;
69777;1/1/2021 00:00;VA;OUT Correction;-1000;TRUE;MAN UPD SAP DIFF;TRUE;-100;OUT Correction;;
86539;1/1/2021 00:00;VA;OUT Correction;-800;TRUE;MAN UPD SAP DIFF;TRUE;-100;OUT Correction;;
86599;1/1/2021 00:00;VA;OUT Correction;-400;TRUE;MAN UPD SAP DIFF;TRUE;-100;OUT Correction;;
10069;1/1/2021 00:00;VA1;IN Correction;1100;TRUE;MAN UPD SAP DIFF;TRUE;100;IN Correction;;
17094;1/1/2021 00:00;VA1;IN Correction;500;TRUE;MAN UPD SAP DIFF;TRUE;100;IN Correction;;
26495;1/1/2021 00:00;VA1;IN Correction;200;TRUE;MAN UPD SAP DIFF;TRUE;100;IN Correction;;
29424;1/1/2021 00:00;VA1;IN Correction;600;TRUE;MAN UPD SAP DIFF;TRUE;100;IN Correction;;
30008;1/1/2021 00:00;VA1;IN Correction;1400;TRUE;MAN UPD SAP DIFF;TRUE;100;IN Correction;;
30021;1/1/2021 00:00;VA1;IN Correction;300;TRUE;MAN UPD SAP DIFF;TRUE;100;IN Correction;;
30031;1/1/2021 00:00;VA1;IN Correction;4200;TRUE;MAN UPD SAP DIFF;TRUE;100;IN Correction;;
30039;1/1/2021 00:00;VA1;IN Correction;2700;TRUE;MAN UPD SAP DIFF;TRUE;100;IN Correction;;
30605;1/1/2021 00:00;VA1;IN Correction;700;TRUE;MAN UPD SAP DIFF;TRUE;100;IN Correction;;
30651;1/1/2021 00:00;VA1;IN Correction;600;TRUE;MAN UPD SAP DIFF;TRUE;100;IN Correction;;
30755;1/1/2021 00:00;VA1;IN Correction;500;TRUE;MAN UPD SAP DIFF;TRUE;100;IN Correction;;
30783;1/1/2021 00:00;VA1;IN Correction;200;TRUE;MAN UPD SAP DIFF;TRUE;100;IN Correction;;
30846;1/1/2021 00:00;VA1;IN Correction;400;TRUE;MAN UPD SAP DIFF;TRUE;100;IN Correction;;
30847;1/1/2021 00:00;VA1;IN Correction;600;TRUE;MAN UPD SAP DIFF;TRUE;100;IN Correction;;
30992;1/1/2021 00:00;VA1;IN Correction;100;TRUE;MAN UPD SAP DIFF;TRUE;100;IN Correction;;
31697;1/1/2021 00:00;VA1;IN Correction;400;TRUE;MAN UPD SAP DIFF;TRUE;100;IN Correction;;
32857;1/1/2021 00:00;VA1;IN Correction;2700;TRUE;MAN UPD SAP DIFF;TRUE;100;IN Correction;;
33060;1/1/2021 00:00;VA1;IN Correction;100;TRUE;MAN UPD SAP DIFF;TRUE;100;IN Correction;;
33350;1/1/2021 00:00;VA1;IN Correction;200;TRUE;MAN UPD SAP DIFF;TRUE;100;IN Correction;;
33410;1/1/2021 00:00;VA1;IN Correction;300;TRUE;MAN UPD SAP DIFF;TRUE;100;IN Correction;;
33516;1/1/2021 00:00;VA1;IN Correction;800;TRUE;MAN UPD SAP DIFF;TRUE;100;IN Correction;;
33886;1/1/2021 00:00;VA1;IN Correction;100;TRUE;MAN UPD SAP DIFF;TRUE;100;IN Correction;;
34081;1/1/2021 00:00;VA1;IN Correction;100;TRUE;MAN UPD SAP DIFF;TRUE;100;IN Correction;;
34106;1/1/2021 00:00;VA1;IN Correction;500;TRUE;MAN UPD SAP DIFF;TRUE;100;IN Correction;;
34474;1/1/2021 00:00;VA1;IN Correction;400;TRUE;MAN UPD SAP DIFF;TRUE;100;IN Correction;;
34545;1/1/2021 00:00;VA1;IN Correction;200;TRUE;MAN UPD SAP DIFF;TRUE;100;IN Correction;;
34662;1/1/2021 00:00;VA1;IN Correction;100;TRUE;MAN UPD SAP DIFF;TRUE;100;IN Correction;;
34797;1/1/2021 00:00;VA1;IN Correction;100;TRUE;MAN UPD SAP DIFF;TRUE;100;IN Correction;;
34871;1/1/2021 00:00;VA1;IN Correction;400;TRUE;MAN UPD SAP DIFF;TRUE;100;IN Correction;;
34916;1/1/2021 00:00;VA1;IN Correction;300;TRUE;MAN UPD SAP DIFF;TRUE;100;IN Correction;;
35001;1/1/2021 00:00;VA1;IN Correction;200;TRUE;MAN UPD SAP DIFF;TRUE;100;IN Correction;;
35013;1/1/2021 00:00;VA1;IN Correction;400;TRUE;MAN UPD SAP DIFF;TRUE;100;IN Correction;;
35325;1/1/2021 00:00;VA1;IN Correction;200;TRUE;MAN UPD SAP DIFF;TRUE;100;IN Correction;;
35604;1/1/2021 00:00;VA1;IN Correction;1000;TRUE;MAN UPD SAP DIFF;TRUE;100;IN Correction;;
35668;1/1/2021 00:00;VA1;IN Correction;400;TRUE;MAN UPD SAP DIFF;TRUE;100;IN Correction;;
36867;1/1/2021 00:00;VA1;IN Correction;4200;TRUE;MAN UPD SAP DIFF;TRUE;100;IN Correction;;
37195;1/1/2021 00:00;VA1;IN Correction;300;TRUE;MAN UPD SAP DIFF;TRUE;100;IN Correction;;
37538;1/1/2021 00:00;VA1;IN Correction;2700;TRUE;MAN UPD SAP DIFF;TRUE;100;IN Correction;;
37575;1/1/2021 00:00;VA1;IN Correction;100;TRUE;MAN UPD SAP DIFF;TRUE;100;IN Correction;;
37710;1/1/2021 00:00;VA1;IN Correction;400;TRUE;MAN UPD SAP DIFF;TRUE;100;IN Correction;;
37737;1/1/2021 00:00;VA1;IN Correction;2700;TRUE;MAN UPD SAP DIFF;TRUE;100;IN Correction;;
37755;1/1/2021 00:00;VA1;IN Correction;200;TRUE;MAN UPD SAP DIFF;TRUE;100;IN Correction;;
37819;1/1/2021 00:00;VA1;IN Correction;400;TRUE;MAN UPD SAP DIFF;TRUE;100;IN Correction;;
37859;1/1/2021 00:00;VA1;IN Correction;100;TRUE;MAN UPD SAP DIFF;TRUE;100;IN Correction;;
37874;1/1/2021 00:00;VA1;IN Correction;300;TRUE;MAN UPD SAP DIFF;TRUE;100;IN Correction;;
37907;1/1/2021 00:00;VA1;IN Correction;500;TRUE;MAN UPD SAP DIFF;TRUE;100;IN Correction;;
38245;1/1/2021 00:00;VA1;IN Correction;500;TRUE;MAN UPD SAP DIFF;TRUE;100;IN Correction;;
38310;1/1/2021 00:00;VA1;IN Correction;2800;TRUE;MAN UPD SAP DIFF;TRUE;100;IN Correction;;
38521;1/1/2021 00:00;VA1;IN Correction;100;TRUE;MAN UPD SAP DIFF;TRUE;100;IN Correction;;
38564;1/1/2021 00:00;VA1;IN Correction;300;TRUE;MAN UPD SAP DIFF;TRUE;100;IN Correction;;
38565;1/1/2021 00:00;VA1;IN Correction;300;TRUE;MAN UPD SAP DIFF;TRUE;100;IN Correction;;
38582;1/1/2021 00:00;VA1;IN Correction;200;TRUE;MAN UPD SAP DIFF;TRUE;100;IN Correction;;
38609;1/1/2021 00:00;VA1;IN Correction;200;TRUE;MAN UPD SAP DIFF;TRUE;100;IN Correction;;
38616;1/1/2021 00:00;VA1;IN Correction;200;TRUE;MAN UPD SAP DIFF;TRUE;100;IN Correction;;
38629;1/1/2021 00:00;VA1;IN Correction;1000;TRUE;MAN UPD SAP DIFF;TRUE;100;IN Correction;;
38639;1/1/2021 00:00;VA1;IN Correction;300;TRUE;MAN UPD SAP DIFF;TRUE;100;IN Correction;;
38683;1/1/2021 00:00;VA1;IN Correction;300;TRUE;MAN UPD SAP DIFF;TRUE;100;IN Correction;;
38798;1/1/2021 00:00;VA1;IN Correction;100;TRUE;MAN UPD SAP DIFF;TRUE;100;IN Correction;;
38799;1/1/2021 00:00;VA1;IN Correction;600;TRUE;MAN UPD SAP DIFF;TRUE;100;IN Correction;;
38837;1/1/2021 00:00;VA1;IN Correction;100;TRUE;MAN UPD SAP DIFF;TRUE;100;IN Correction;;
38883;1/1/2021 00:00;VA1;IN Correction;4200;TRUE;MAN UPD SAP DIFF;TRUE;100;IN Correction;;
39010;1/1/2021 00:00;VA1;IN Correction;300;TRUE;MAN UPD SAP DIFF;TRUE;100;IN Correction;;
39374;1/1/2021 00:00;VA1;IN Correction;200;TRUE;MAN UPD SAP DIFF;TRUE;100;IN Correction;;
39477;1/1/2021 00:00;VA1;IN Correction;100;TRUE;MAN UPD SAP DIFF;TRUE;100;IN Correction;;
39554;1/1/2021 00:00;VA1;IN Correction;200;TRUE;MAN UPD SAP DIFF;TRUE;100;IN Correction;;
39642;1/1/2021 00:00;VA1;IN Correction;200;TRUE;MAN UPD SAP DIFF;TRUE;100;IN Correction;;
39648;1/1/2021 00:00;VA1;IN Correction;400;TRUE;MAN UPD SAP DIFF;TRUE;100;IN Correction;;
39780;1/1/2021 00:00;VA1;IN Correction;1400;TRUE;MAN UPD SAP DIFF;TRUE;100;IN Correction;;
39912;1/1/2021 00:00;VA1;IN Correction;1600;TRUE;MAN UPD SAP DIFF;TRUE;100;IN Correction;;
61668;1/1/2021 00:00;VA1;IN Correction;400;TRUE;MAN UPD SAP DIFF;TRUE;100;IN Correction;;
61706;1/1/2021 00:00;VA1;IN Correction;4200;TRUE;MAN UPD SAP DIFF;TRUE;100;IN Correction;;
62093;1/1/2021 00:00;VA1;IN Correction;100;TRUE;MAN UPD SAP DIFF;TRUE;100;IN Correction;;
62334;1/1/2021 00:00;VA1;IN Correction;800;TRUE;MAN UPD SAP DIFF;TRUE;100;IN Correction;;
63489;1/1/2021 00:00;VA1;IN Correction;400;TRUE;MAN UPD SAP DIFF;TRUE;100;IN Correction;;
63507;1/1/2021 00:00;VA1;IN Correction;1000;TRUE;MAN UPD SAP DIFF;TRUE;100;IN Correction;;
65730;1/1/2021 00:00;VA1;IN Correction;4200;TRUE;MAN UPD SAP DIFF;TRUE;100;IN Correction;;
66389;1/1/2021 00:00;VA1;IN Correction;1300;TRUE;MAN UPD SAP DIFF;TRUE;100;IN Correction;;
68026;1/1/2021 00:00;VA1;IN Correction;900;TRUE;MAN UPD SAP DIFF;TRUE;100;IN Correction;;
68621;1/1/2021 00:00;VA1;IN Correction;1900;TRUE;MAN UPD SAP DIFF;TRUE;100;IN Correction;;
69777;1/1/2021 00:00;VA1;IN Correction;1100;TRUE;MAN UPD SAP DIFF;TRUE;100;IN Correction;;
86599;1/1/2021 00:00;VA1;IN Correction;400;TRUE;MAN UPD SAP DIFF;TRUE;100;IN Correction;;
12378;1/1/2021 00:00;VA1;OUT Correction;-200;TRUE;MAN UPD SAP DIFF;TRUE;-100;OUT Correction;;
15857;1/1/2021 00:00;VA1;OUT Correction;-700;TRUE;MAN UPD SAP DIFF;TRUE;-100;OUT Correction;;
16566;1/1/2021 00:00;VA1;OUT Correction;-500;TRUE;MAN UPD SAP DIFF;TRUE;-100;OUT Correction;;
17091;1/1/2021 00:00;VA1;OUT Correction;-400;TRUE;MAN UPD SAP DIFF;TRUE;-100;OUT Correction;;
17475;1/1/2021 00:00;VA1;OUT Correction;-700;TRUE;MAN UPD SAP DIFF;TRUE;-100;OUT Correction;;
17883;1/1/2021 00:00;VA1;OUT Correction;-400;TRUE;MAN UPD SAP DIFF;TRUE;-100;OUT Correction;;
23667;1/1/2021 00:00;VA1;OUT Correction;-500;TRUE;MAN UPD SAP DIFF;TRUE;-100;OUT Correction;;
28618;1/1/2021 00:00;VA1;OUT Correction;-300;TRUE;MAN UPD SAP DIFF;TRUE;-100;OUT Correction;;
30007;1/1/2021 00:00;VA1;OUT Correction;-100;TRUE;MAN UPD SAP DIFF;TRUE;-100;OUT Correction;;
30010;1/1/2021 00:00;VA1;OUT Correction;-200;TRUE;MAN UPD SAP DIFF;TRUE;-100;OUT Correction;;
30041;1/1/2021 00:00;VA1;OUT Correction;-100;TRUE;MAN UPD SAP DIFF;TRUE;-100;OUT Correction;;
30201;1/1/2021 00:00;VA1;OUT Correction;-200;TRUE;MAN UPD SAP DIFF;TRUE;-100;OUT Correction;;
30369;1/1/2021 00:00;VA1;OUT Correction;-500;TRUE;MAN UPD SAP DIFF;TRUE;-100;OUT Correction;;
30589;1/1/2021 00:00;VA1;OUT Correction;-200;TRUE;MAN UPD SAP DIFF;TRUE;-100;OUT Correction;;
30591;1/1/2021 00:00;VA1;OUT Correction;-1000;TRUE;MAN UPD SAP DIFF;TRUE;-100;OUT Correction;;
30592;1/1/2021 00:00;VA1;OUT Correction;-400;TRUE;MAN UPD SAP DIFF;TRUE;-100;OUT Correction;;
30593;1/1/2021 00:00;VA1;OUT Correction;-200;TRUE;MAN UPD SAP DIFF;TRUE;-100;OUT Correction;;
30599;1/1/2021 00:00;VA1;OUT Correction;-200;TRUE;MAN UPD SAP DIFF;TRUE;-100;OUT Correction;;
30663;1/1/2021 00:00;VA1;OUT Correction;-200;TRUE;MAN UPD SAP DIFF;TRUE;-100;OUT Correction;;
30677;1/1/2021 00:00;VA1;OUT Correction;-400;TRUE;MAN UPD SAP DIFF;TRUE;-100;OUT Correction;;
30744;1/1/2021 00:00;VA1;OUT Correction;-100;TRUE;MAN UPD SAP DIFF;TRUE;-100;OUT Correction;;
30764;1/1/2021 00:00;VA1;OUT Correction;-300;TRUE;MAN UPD SAP DIFF;TRUE;-100;OUT Correction;;
30778;1/1/2021 00:00;VA1;OUT Correction;-500;TRUE;MAN UPD SAP DIFF;TRUE;-100;OUT Correction;;
30848;1/1/2021 00:00;VA1;OUT Correction;-200;TRUE;MAN UPD SAP DIFF;TRUE;-100;OUT Correction;;
30989;1/1/2021 00:00;VA1;OUT Correction;-200;TRUE;MAN UPD SAP DIFF;TRUE;-100;OUT Correction;;
30994;1/1/2021 00:00;VA1;OUT Correction;-600;TRUE;MAN UPD SAP DIFF;TRUE;-100;OUT Correction;;
30997;1/1/2021 00:00;VA1;OUT Correction;-400;TRUE;MAN UPD SAP DIFF;TRUE;-100;OUT Correction;;
31622;1/1/2021 00:00;VA1;OUT Correction;-1800;TRUE;MAN UPD SAP DIFF;TRUE;-100;OUT Correction;;
31780;1/1/2021 00:00;VA1;OUT Correction;-300;TRUE;MAN UPD SAP DIFF;TRUE;-100;OUT Correction;;
31781;1/1/2021 00:00;VA1;OUT Correction;-500;TRUE;MAN UPD SAP DIFF;TRUE;-100;OUT Correction;;
31918;1/1/2021 00:00;VA1;OUT Correction;-200;TRUE;MAN UPD SAP DIFF;TRUE;-100;OUT Correction;;
31925;1/1/2021 00:00;VA1;OUT Correction;-700;TRUE;MAN UPD SAP DIFF;TRUE;-100;OUT Correction;;
32246;1/1/2021 00:00;VA1;OUT Correction;-500;TRUE;MAN UPD SAP DIFF;TRUE;-100;OUT Correction;;
32853;1/1/2021 00:00;VA1;OUT Correction;-100;TRUE;MAN UPD SAP DIFF;TRUE;-100;OUT Correction;;
32859;1/1/2021 00:00;VA1;OUT Correction;-100;TRUE;MAN UPD SAP DIFF;TRUE;-100;OUT Correction;;
32915;1/1/2021 00:00;VA1;OUT Correction;-1000;TRUE;MAN UPD SAP DIFF;TRUE;-100;OUT Correction;;
33517;1/1/2021 00:00;VA1;OUT Correction;-100;TRUE;MAN UPD SAP DIFF;TRUE;-100;OUT Correction;;
33686;1/1/2021 00:00;VA1;OUT Correction;-600;TRUE;MAN UPD SAP DIFF;TRUE;-100;OUT Correction;;
33910;1/1/2021 00:00;VA1;OUT Correction;-300;TRUE;MAN UPD SAP DIFF;TRUE;-100;OUT Correction;;
34077;1/1/2021 00:00;VA1;OUT Correction;-400;TRUE;MAN UPD SAP DIFF;TRUE;-100;OUT Correction;;
34143;1/1/2021 00:00;VA1;OUT Correction;-100;TRUE;MAN UPD SAP DIFF;TRUE;-100;OUT Correction;;
34175;1/1/2021 00:00;VA1;OUT Correction;-300;TRUE;MAN UPD SAP DIFF;TRUE;-100;OUT Correction;;
34222;1/1/2021 00:00;VA1;OUT Correction;-300;TRUE;MAN UPD SAP DIFF;TRUE;-100;OUT Correction;;
34251;1/1/2021 00:00;VA1;OUT Correction;-100;TRUE;MAN UPD SAP DIFF;TRUE;-100;OUT Correction;;
34296;1/1/2021 00:00;VA1;OUT Correction;-600;TRUE;MAN UPD SAP DIFF;TRUE;-100;OUT Correction;;
34348;1/1/2021 00:00;VA1;OUT Correction;-500;TRUE;MAN UPD SAP DIFF;TRUE;-100;OUT Correction;;
34387;1/1/2021 00:00;VA1;OUT Correction;-400;TRUE;MAN UPD SAP DIFF;TRUE;-100;OUT Correction;;
34398;1/1/2021 00:00;VA1;OUT Correction;-600;TRUE;MAN UPD SAP DIFF;TRUE;-100;OUT Correction;;
34407;1/1/2021 00:00;VA1;OUT Correction;-100;TRUE;MAN UPD SAP DIFF;TRUE;-100;OUT Correction;;
34431;1/1/2021 00:00;VA1;OUT Correction;-300;TRUE;MAN UPD SAP DIFF;TRUE;-100;OUT Correction;;
34477;1/1/2021 00:00;VA1;OUT Correction;-400;TRUE;MAN UPD SAP DIFF;TRUE;-100;OUT Correction;;
34478;1/1/2021 00:00;VA1;OUT Correction;-200;TRUE;MAN UPD SAP DIFF;TRUE;-100;OUT Correction;;
34510;1/1/2021 00:00;VA1;OUT Correction;-500;TRUE;MAN UPD SAP DIFF;TRUE;-100;OUT Correction;;
34546;1/1/2021 00:00;VA1;OUT Correction;-500;TRUE;MAN UPD SAP DIFF;TRUE;-100;OUT Correction;;
34630;1/1/2021 00:00;VA1;OUT Correction;-300;TRUE;MAN UPD SAP DIFF;TRUE;-100;OUT Correction;;
34643;1/1/2021 00:00;VA1;OUT Correction;-300;TRUE;MAN UPD SAP DIFF;TRUE;-100;OUT Correction;;
34650;1/1/2021 00:00;VA1;OUT Correction;-200;TRUE;MAN UPD SAP DIFF;TRUE;-100;OUT Correction;;
34715;1/1/2021 00:00;VA1;OUT Correction;-200;TRUE;MAN UPD SAP DIFF;TRUE;-100;OUT Correction;;
34720;1/1/2021 00:00;VA1;OUT Correction;-400;TRUE;MAN UPD SAP DIFF;TRUE;-100;OUT Correction;;
34738;1/1/2021 00:00;VA1;OUT Correction;-400;TRUE;MAN UPD SAP DIFF;TRUE;-100;OUT Correction;;
34746;1/1/2021 00:00;VA1;OUT Correction;-300;TRUE;MAN UPD SAP DIFF;TRUE;-100;OUT Correction;;
34779;1/1/2021 00:00;VA1;OUT Correction;-500;TRUE;MAN UPD SAP DIFF;TRUE;-100;OUT Correction;;
34780;1/1/2021 00:00;VA1;OUT Correction;-200;TRUE;MAN UPD SAP DIFF;TRUE;-100;OUT Correction;;
34794;1/1/2021 00:00;VA1;OUT Correction;-700;TRUE;MAN UPD SAP DIFF;TRUE;-100;OUT Correction;;
34825;1/1/2021 00:00;VA1;OUT Correction;-400;TRUE;MAN UPD SAP DIFF;TRUE;-100;OUT Correction;;
34845;1/1/2021 00:00;VA1;OUT Correction;-500;TRUE;MAN UPD SAP DIFF;TRUE;-100;OUT Correction;;
34857;1/1/2021 00:00;VA1;OUT Correction;-400;TRUE;MAN UPD SAP DIFF;TRUE;-100;OUT Correction;;
34885;1/1/2021 00:00;VA1;OUT Correction;-1300;TRUE;MAN UPD SAP DIFF;TRUE;-100;OUT Correction;;
34891;1/1/2021 00:00;VA1;OUT Correction;-400;TRUE;MAN UPD SAP DIFF;TRUE;-100;OUT Correction;;
34920;1/1/2021 00:00;VA1;OUT Correction;-500;TRUE;MAN UPD SAP DIFF;TRUE;-100;OUT Correction;;
34941;1/1/2021 00:00;VA1;OUT Correction;-600;TRUE;MAN UPD SAP DIFF;TRUE;-100;OUT Correction;;
34943;1/1/2021 00:00;VA1;OUT Correction;-400;TRUE;MAN UPD SAP DIFF;TRUE;-100;OUT Correction;;
34945;1/1/2021 00:00;VA1;OUT Correction;-500;TRUE;MAN UPD SAP DIFF;TRUE;-100;OUT Correction;;
34961;1/1/2021 00:00;VA1;OUT Correction;-400;TRUE;MAN UPD SAP DIFF;TRUE;-100;OUT Correction;;
35003;1/1/2021 00:00;VA1;OUT Correction;-600;TRUE;MAN UPD SAP DIFF;TRUE;-100;OUT Correction;;
35011;1/1/2021 00:00;VA1;OUT Correction;-200;TRUE;MAN UPD SAP DIFF;TRUE;-100;OUT Correction;;
35025;1/1/2021 00:00;VA1;OUT Correction;-200;TRUE;MAN UPD SAP DIFF;TRUE;-100;OUT Correction;;
35029;1/1/2021 00:00;VA1;OUT Correction;-900;TRUE;MAN UPD SAP DIFF;TRUE;-100;OUT Correction;;
35058;1/1/2021 00:00;VA1;OUT Correction;-800;TRUE;MAN UPD SAP DIFF;TRUE;-100;OUT Correction;;
35068;1/1/2021 00:00;VA1;OUT Correction;-600;TRUE;MAN UPD SAP DIFF;TRUE;-100;OUT Correction;;
35080;1/1/2021 00:00;VA1;OUT Correction;-300;TRUE;MAN UPD SAP DIFF;TRUE;-100;OUT Correction;;
35084;1/1/2021 00:00;VA1;OUT Correction;-400;TRUE;MAN UPD SAP DIFF;TRUE;-100;OUT Correction;;
35092;1/1/2021 00:00;VA1;OUT Correction;-500;TRUE;MAN UPD SAP DIFF;TRUE;-100;OUT Correction;;
35106;1/1/2021 00:00;VA1;OUT Correction;-600;TRUE;MAN UPD SAP DIFF;TRUE;-100;OUT Correction;;
35108;1/1/2021 00:00;VA1;OUT Correction;-300;TRUE;MAN UPD SAP DIFF;TRUE;-100;OUT Correction;;
35161;1/1/2021 00:00;VA1;OUT Correction;-600;TRUE;MAN UPD SAP DIFF;TRUE;-100;OUT Correction;;
35206;1/1/2021 00:00;VA1;OUT Correction;-400;TRUE;MAN UPD SAP DIFF;TRUE;-100;OUT Correction;;
35233;1/1/2021 00:00;VA1;OUT Correction;-200;TRUE;MAN UPD SAP DIFF;TRUE;-100;OUT Correction;;
35282;1/1/2021 00:00;VA1;OUT Correction;-500;TRUE;MAN UPD SAP DIFF;TRUE;-100;OUT Correction;;
35298;1/1/2021 00:00;VA1;OUT Correction;-800;TRUE;MAN UPD SAP DIFF;TRUE;-100;OUT Correction;;
35307;1/1/2021 00:00;VA1;OUT Correction;-600;TRUE;MAN UPD SAP DIFF;TRUE;-100;OUT Correction;;
35313;1/1/2021 00:00;VA1;OUT Correction;-600;TRUE;MAN UPD SAP DIFF;TRUE;-100;OUT Correction;;
35354;1/1/2021 00:00;VA1;OUT Correction;-500;TRUE;MAN UPD SAP DIFF;TRUE;-100;OUT Correction;;
35408;1/1/2021 00:00;VA1;OUT Correction;-200;TRUE;MAN UPD SAP DIFF;TRUE;-100;OUT Correction;;
35431;1/1/2021 00:00;VA1;OUT Correction;-400;TRUE;MAN UPD SAP DIFF;TRUE;-100;OUT Correction;;
35484;1/1/2021 00:00;VA1;OUT Correction;-400;TRUE;MAN UPD SAP DIFF;TRUE;-100;OUT Correction;;
35501;1/1/2021 00:00;VA1;OUT Correction;-200;TRUE;MAN UPD SAP DIFF;TRUE;-100;OUT Correction;;
35509;1/1/2021 00:00;VA1;OUT Correction;-700;TRUE;MAN UPD SAP DIFF;TRUE;-100;OUT Correction;;
35519;1/1/2021 00:00;VA1;OUT Correction;-100;TRUE;MAN UPD SAP DIFF;TRUE;-100;OUT Correction;;
35572;1/1/2021 00:00;VA1;OUT Correction;-400;TRUE;MAN UPD SAP DIFF;TRUE;-100;OUT Correction;;
35573;1/1/2021 00:00;VA1;OUT Correction;-600;TRUE;MAN UPD SAP DIFF;TRUE;-100;OUT Correction;;
35588;1/1/2021 00:00;VA1;OUT Correction;-400;TRUE;MAN UPD SAP DIFF;TRUE;-100;OUT Correction;;
35641;1/1/2021 00:00;VA1;OUT Correction;-400;TRUE;MAN UPD SAP DIFF;TRUE;-100;OUT Correction;;
35696;1/1/2021 00:00;VA1;OUT Correction;-400;TRUE;MAN UPD SAP DIFF;TRUE;-100;OUT Correction;;
35713;1/1/2021 00:00;VA1;OUT Correction;-700;TRUE;MAN UPD SAP DIFF;TRUE;-100;OUT Correction;;
35779;1/1/2021 00:00;VA1;OUT Correction;-500;TRUE;MAN UPD SAP DIFF;TRUE;-100;OUT Correction;;
35791;1/1/2021 00:00;VA1;OUT Correction;-3800;TRUE;MAN UPD SAP DIFF;TRUE;-100;OUT Correction;;
35848;1/1/2021 00:00;VA1;OUT Correction;-2100;TRUE;MAN UPD SAP DIFF;TRUE;-100;OUT Correction;;
35873;1/1/2021 00:00;VA1;OUT Correction;-300;TRUE;MAN UPD SAP DIFF;TRUE;-100;OUT Correction;;
35887;1/1/2021 00:00;VA1;OUT Correction;-1000;TRUE;MAN UPD SAP DIFF;TRUE;-100;OUT Correction;;
35927;1/1/2021 00:00;VA1;OUT Correction;-400;TRUE;MAN UPD SAP DIFF;TRUE;-100;OUT Correction;;
36064;1/1/2021 00:00;VA1;OUT Correction;-400;TRUE;MAN UPD SAP DIFF;TRUE;-100;OUT Correction;;
36289;1/1/2021 00:00;VA1;OUT Correction;-400;TRUE;MAN UPD SAP DIFF;TRUE;-100;OUT Correction;;
36445;1/1/2021 00:00;VA1;OUT Correction;-700;TRUE;MAN UPD SAP DIFF;TRUE;-100;OUT Correction;;
36468;1/1/2021 00:00;VA1;OUT Correction;-100;TRUE;MAN UPD SAP DIFF;TRUE;-100;OUT Correction;;
37007;1/1/2021 00:00;VA1;OUT Correction;-400;TRUE;MAN UPD SAP DIFF;TRUE;-100;OUT Correction;;
37127;1/1/2021 00:00;VA1;OUT Correction;-2600;TRUE;MAN UPD SAP DIFF;TRUE;-100;OUT Correction;;
37188;1/1/2021 00:00;VA1;OUT Correction;-200;TRUE;MAN UPD SAP DIFF;TRUE;-100;OUT Correction;;
37226;1/1/2021 00:00;VA1;OUT Correction;-100;TRUE;MAN UPD SAP DIFF;TRUE;-100;OUT Correction;;
37494;1/1/2021 00:00;VA1;OUT Correction;-500;TRUE;MAN UPD SAP DIFF;TRUE;-100;OUT Correction;;
37541;1/1/2021 00:00;VA1;OUT Correction;-100;TRUE;MAN UPD SAP DIFF;TRUE;-100;OUT Correction;;
37550;1/1/2021 00:00;VA1;OUT Correction;-100;TRUE;MAN UPD SAP DIFF;TRUE;-100;OUT Correction;;
37568;1/1/2021 00:00;VA1;OUT Correction;-300;TRUE;MAN UPD SAP DIFF;TRUE;-100;OUT Correction;;
37587;1/1/2021 00:00;VA1;OUT Correction;-300;TRUE;MAN UPD SAP DIFF;TRUE;-100;OUT Correction;;
37593;1/1/2021 00:00;VA1;OUT Correction;-200;TRUE;MAN UPD SAP DIFF;TRUE;-100;OUT Correction;;
37636;1/1/2021 00:00;VA1;OUT Correction;-700;TRUE;MAN UPD SAP DIFF;TRUE;-100;OUT Correction;;
37694;1/1/2021 00:00;VA1;OUT Correction;-100;TRUE;MAN UPD SAP DIFF;TRUE;-100;OUT Correction;;
37818;1/1/2021 00:00;VA1;OUT Correction;-500;TRUE;MAN UPD SAP DIFF;TRUE;-100;OUT Correction;;
37827;1/1/2021 00:00;VA1;OUT Correction;-2600;TRUE;MAN UPD SAP DIFF;TRUE;-100;OUT Correction;;
37888;1/1/2021 00:00;VA1;OUT Correction;-300;TRUE;MAN UPD SAP DIFF;TRUE;-100;OUT Correction;;
37911;1/1/2021 00:00;VA1;OUT Correction;-100;TRUE;MAN UPD SAP DIFF;TRUE;-100;OUT Correction;;
37918;1/1/2021 00:00;VA1;OUT Correction;-200;TRUE;MAN UPD SAP DIFF;TRUE;-100;OUT Correction;;
37954;1/1/2021 00:00;VA1;OUT Correction;-900;TRUE;MAN UPD SAP DIFF;TRUE;-100;OUT Correction;;
37981;1/1/2021 00:00;VA1;OUT Correction;-100;TRUE;MAN UPD SAP DIFF;TRUE;-100;OUT Correction;;
38199;1/1/2021 00:00;VA1;OUT Correction;-400;TRUE;MAN UPD SAP DIFF;TRUE;-100;OUT Correction;;
38204;1/1/2021 00:00;VA1;OUT Correction;-500;TRUE;MAN UPD SAP DIFF;TRUE;-100;OUT Correction;;
38210;1/1/2021 00:00;VA1;OUT Correction;-400;TRUE;MAN UPD SAP DIFF;TRUE;-100;OUT Correction;;
38216;1/1/2021 00:00;VA1;OUT Correction;-400;TRUE;MAN UPD SAP DIFF;TRUE;-100;OUT Correction;;
38220;1/1/2021 00:00;VA1;OUT Correction;-400;TRUE;MAN UPD SAP DIFF;TRUE;-100;OUT Correction;;
38223;1/1/2021 00:00;VA1;OUT Correction;-400;TRUE;MAN UPD SAP DIFF;TRUE;-100;OUT Correction;;
38229;1/1/2021 00:00;VA1;OUT Correction;-400;TRUE;MAN UPD SAP DIFF;TRUE;-100;OUT Correction;;
38234;1/1/2021 00:00;VA1;OUT Correction;-300;TRUE;MAN UPD SAP DIFF;TRUE;-100;OUT Correction;;
38237;1/1/2021 00:00;VA1;OUT Correction;-400;TRUE;MAN UPD SAP DIFF;TRUE;-100;OUT Correction;;
38242;1/1/2021 00:00;VA1;OUT Correction;-200;TRUE;MAN UPD SAP DIFF;TRUE;-100;OUT Correction;;
38292;1/1/2021 00:00;VA1;OUT Correction;-400;TRUE;MAN UPD SAP DIFF;TRUE;-100;OUT Correction;;
38323;1/1/2021 00:00;VA1;OUT Correction;-300;TRUE;MAN UPD SAP DIFF;TRUE;-100;OUT Correction;;
38334;1/1/2021 00:00;VA1;OUT Correction;-400;TRUE;MAN UPD SAP DIFF;TRUE;-100;OUT Correction;;
38337;1/1/2021 00:00;VA1;OUT Correction;-500;TRUE;MAN UPD SAP DIFF;TRUE;-100;OUT Correction;;
38524;1/1/2021 00:00;VA1;OUT Correction;-900;TRUE;MAN UPD SAP DIFF;TRUE;-100;OUT Correction;;
38538;1/1/2021 00:00;VA1;OUT Correction;-500;TRUE;MAN UPD SAP DIFF;TRUE;-100;OUT Correction;;
38540;1/1/2021 00:00;VA1;OUT Correction;-300;TRUE;MAN UPD SAP DIFF;TRUE;-100;OUT Correction;;
38557;1/1/2021 00:00;VA1;OUT Correction;-600;TRUE;MAN UPD SAP DIFF;TRUE;-100;OUT Correction;;
38561;1/1/2021 00:00;VA1;OUT Correction;-700;TRUE;MAN UPD SAP DIFF;TRUE;-100;OUT Correction;;
38562;1/1/2021 00:00;VA1;OUT Correction;-1000;TRUE;MAN UPD SAP DIFF;TRUE;-100;OUT Correction;;
38567;1/1/2021 00:00;VA1;OUT Correction;-700;TRUE;MAN UPD SAP DIFF;TRUE;-100;OUT Correction;;
38580;1/1/2021 00:00;VA1;OUT Correction;-300;TRUE;MAN UPD SAP DIFF;TRUE;-100;OUT Correction;;
38588;1/1/2021 00:00;VA1;OUT Correction;-400;TRUE;MAN UPD SAP DIFF;TRUE;-100;OUT Correction;;
38595;1/1/2021 00:00;VA1;OUT Correction;-700;TRUE;MAN UPD SAP DIFF;TRUE;-100;OUT Correction;;
38605;1/1/2021 00:00;VA1;OUT Correction;-400;TRUE;MAN UPD SAP DIFF;TRUE;-100;OUT Correction;;
38607;1/1/2021 00:00;VA1;OUT Correction;-700;TRUE;MAN UPD SAP DIFF;TRUE;-100;OUT Correction;;
38613;1/1/2021 00:00;VA1;OUT Correction;-400;TRUE;MAN UPD SAP DIFF;TRUE;-100;OUT Correction;;
38614;1/1/2021 00:00;VA1;OUT Correction;-500;TRUE;MAN UPD SAP DIFF;TRUE;-100;OUT Correction;;
38615;1/1/2021 00:00;VA1;OUT Correction;-700;TRUE;MAN UPD SAP DIFF;TRUE;-100;OUT Correction;;
38622;1/1/2021 00:00;VA1;OUT Correction;-400;TRUE;MAN UPD SAP DIFF;TRUE;-100;OUT Correction;;
38623;1/1/2021 00:00;VA1;OUT Correction;-900;TRUE;MAN UPD SAP DIFF;TRUE;-100;OUT Correction;;
38624;1/1/2021 00:00;VA1;OUT Correction;-600;TRUE;MAN UPD SAP DIFF;TRUE;-100;OUT Correction;;
38627;1/1/2021 00:00;VA1;OUT Correction;-300;TRUE;MAN UPD SAP DIFF;TRUE;-100;OUT Correction;;
38628;1/1/2021 00:00;VA1;OUT Correction;-400;TRUE;MAN UPD SAP DIFF;TRUE;-100;OUT Correction;;
38630;1/1/2021 00:00;VA1;OUT Correction;-400;TRUE;MAN UPD SAP DIFF;TRUE;-100;OUT Correction;;
38634;1/1/2021 00:00;VA1;OUT Correction;-400;TRUE;MAN UPD SAP DIFF;TRUE;-100;OUT Correction;;
38648;1/1/2021 00:00;VA1;OUT Correction;-600;TRUE;MAN UPD SAP DIFF;TRUE;-100;OUT Correction;;
38701;1/1/2021 00:00;VA1;OUT Correction;-500;TRUE;MAN UPD SAP DIFF;TRUE;-100;OUT Correction;;
38716;1/1/2021 00:00;VA1;OUT Correction;-400;TRUE;MAN UPD SAP DIFF;TRUE;-100;OUT Correction;;
38791;1/1/2021 00:00;VA1;OUT Correction;-900;TRUE;MAN UPD SAP DIFF;TRUE;-100;OUT Correction;;
38805;1/1/2021 00:00;VA1;OUT Correction;-500;TRUE;MAN UPD SAP DIFF;TRUE;-100;OUT Correction;;
38821;1/1/2021 00:00;VA1;OUT Correction;-1100;TRUE;MAN UPD SAP DIFF;TRUE;-100;OUT Correction;;
38828;1/1/2021 00:00;VA1;OUT Correction;-100;TRUE;MAN UPD SAP DIFF;TRUE;-100;OUT Correction;;
38833;1/1/2021 00:00;VA1;OUT Correction;-500;TRUE;MAN UPD SAP DIFF;TRUE;-100;OUT Correction;;
38859;1/1/2021 00:00;VA1;OUT Correction;-300;TRUE;MAN UPD SAP DIFF;TRUE;-100;OUT Correction;;
38864;1/1/2021 00:00;VA1;OUT Correction;-200;TRUE;MAN UPD SAP DIFF;TRUE;-100;OUT Correction;;
38871;1/1/2021 00:00;VA1;OUT Correction;-300;TRUE;MAN UPD SAP DIFF;TRUE;-100;OUT Correction;;
38873;1/1/2021 00:00;VA1;OUT Correction;-400;TRUE;MAN UPD SAP DIFF;TRUE;-100;OUT Correction;;
38879;1/1/2021 00:00;VA1;OUT Correction;-800;TRUE;MAN UPD SAP DIFF;TRUE;-100;OUT Correction;;
38886;1/1/2021 00:00;VA1;OUT Correction;-500;TRUE;MAN UPD SAP DIFF;TRUE;-100;OUT Correction;;
38901;1/1/2021 00:00;VA1;OUT Correction;-700;TRUE;MAN UPD SAP DIFF;TRUE;-100;OUT Correction;;
38903;1/1/2021 00:00;VA1;OUT Correction;-400;TRUE;MAN UPD SAP DIFF;TRUE;-100;OUT Correction;;
38904;1/1/2021 00:00;VA1;OUT Correction;-600;TRUE;MAN UPD SAP DIFF;TRUE;-100;OUT Correction;;
38907;1/1/2021 00:00;VA1;OUT Correction;-100;TRUE;MAN UPD SAP DIFF;TRUE;-100;OUT Correction;;
38909;1/1/2021 00:00;VA1;OUT Correction;-800;TRUE;MAN UPD SAP DIFF;TRUE;-100;OUT Correction;;
38975;1/1/2021 00:00;VA1;OUT Correction;-600;TRUE;MAN UPD SAP DIFF;TRUE;-100;OUT Correction;;
38986;1/1/2021 00:00;VA1;OUT Correction;-400;TRUE;MAN UPD SAP DIFF;TRUE;-100;OUT Correction;;
38988;1/1/2021 00:00;VA1;OUT Correction;-300;TRUE;MAN UPD SAP DIFF;TRUE;-100;OUT Correction;;
39037;1/1/2021 00:00;VA1;OUT Correction;-300;TRUE;MAN UPD SAP DIFF;TRUE;-100;OUT Correction;;
39048;1/1/2021 00:00;VA1;OUT Correction;-900;TRUE;MAN UPD SAP DIFF;TRUE;-100;OUT Correction;;
39056;1/1/2021 00:00;VA1;OUT Correction;-400;TRUE;MAN UPD SAP DIFF;TRUE;-100;OUT Correction;;
39065;1/1/2021 00:00;VA1;OUT Correction;-500;TRUE;MAN UPD SAP DIFF;TRUE;-100;OUT Correction;;
39078;1/1/2021 00:00;VA1;OUT Correction;-800;TRUE;MAN UPD SAP DIFF;TRUE;-100;OUT Correction;;
39103;1/1/2021 00:00;VA1;OUT Correction;-900;TRUE;MAN UPD SAP DIFF;TRUE;-100;OUT Correction;;
39108;1/1/2021 00:00;VA1;OUT Correction;-300;TRUE;MAN UPD SAP DIFF;TRUE;-100;OUT Correction;;
39118;1/1/2021 00:00;VA1;OUT Correction;-300;TRUE;MAN UPD SAP DIFF;TRUE;-100;OUT Correction;;
39125;1/1/2021 00:00;VA1;OUT Correction;-200;TRUE;MAN UPD SAP DIFF;TRUE;-100;OUT Correction;;
39126;1/1/2021 00:00;VA1;OUT Correction;-1100;TRUE;MAN UPD SAP DIFF;TRUE;-100;OUT Correction;;
39131;1/1/2021 00:00;VA1;OUT Correction;-400;TRUE;MAN UPD SAP DIFF;TRUE;-100;OUT Correction;;
39143;1/1/2021 00:00;VA1;OUT Correction;-400;TRUE;MAN UPD SAP DIFF;TRUE;-100;OUT Correction;;
39233;1/1/2021 00:00;VA1;OUT Correction;-100;TRUE;MAN UPD SAP DIFF;TRUE;-100;OUT Correction;;
39248;1/1/2021 00:00;VA1;OUT Correction;-1000;TRUE;MAN UPD SAP DIFF;TRUE;-100;OUT Correction;;
39250;1/1/2021 00:00;VA1;OUT Correction;-300;TRUE;MAN UPD SAP DIFF;TRUE;-100;OUT Correction;;
39260;1/1/2021 00:00;VA1;OUT Correction;-500;TRUE;MAN UPD SAP DIFF;TRUE;-100;OUT Correction;;
39264;1/1/2021 00:00;VA1;OUT Correction;-1100;TRUE;MAN UPD SAP DIFF;TRUE;-100;OUT Correction;;
39266;1/1/2021 00:00;VA1;OUT Correction;-300;TRUE;MAN UPD SAP DIFF;TRUE;-100;OUT Correction;;
39273;1/1/2021 00:00;VA1;OUT Correction;-700;TRUE;MAN UPD SAP DIFF;TRUE;-100;OUT Correction;;
39285;1/1/2021 00:00;VA1;OUT Correction;-200;TRUE;MAN UPD SAP DIFF;TRUE;-100;OUT Correction;;
39298;1/1/2021 00:00;VA1;OUT Correction;-600;TRUE;MAN UPD SAP DIFF;TRUE;-100;OUT Correction;;
39307;1/1/2021 00:00;VA1;OUT Correction;-300;TRUE;MAN UPD SAP DIFF;TRUE;-100;OUT Correction;;
39313;1/1/2021 00:00;VA1;OUT Correction;-200;TRUE;MAN UPD SAP DIFF;TRUE;-100;OUT Correction;;
39351;1/1/2021 00:00;VA1;OUT Correction;-400;TRUE;MAN UPD SAP DIFF;TRUE;-100;OUT Correction;;
39354;1/1/2021 00:00;VA1;OUT Correction;-600;TRUE;MAN UPD SAP DIFF;TRUE;-100;OUT Correction;;
39359;1/1/2021 00:00;VA1;OUT Correction;-700;TRUE;MAN UPD SAP DIFF;TRUE;-100;OUT Correction;;
39384;1/1/2021 00:00;VA1;OUT Correction;-1200;TRUE;MAN UPD SAP DIFF;TRUE;-100;OUT Correction;;
39389;1/1/2021 00:00;VA1;OUT Correction;-500;TRUE;MAN UPD SAP DIFF;TRUE;-100;OUT Correction;;
39390;1/1/2021 00:00;VA1;OUT Correction;-600;TRUE;MAN UPD SAP DIFF;TRUE;-100;OUT Correction;;
39393;1/1/2021 00:00;VA1;OUT Correction;-600;TRUE;MAN UPD SAP DIFF;TRUE;-100;OUT Correction;;
39394;1/1/2021 00:00;VA1;OUT Correction;-400;TRUE;MAN UPD SAP DIFF;TRUE;-100;OUT Correction;;
39400;1/1/2021 00:00;VA1;OUT Correction;-600;TRUE;MAN UPD SAP DIFF;TRUE;-100;OUT Correction;;
39402;1/1/2021 00:00;VA1;OUT Correction;-300;TRUE;MAN UPD SAP DIFF;TRUE;-100;OUT Correction;;
39427;1/1/2021 00:00;VA1;OUT Correction;-1100;TRUE;MAN UPD SAP DIFF;TRUE;-100;OUT Correction;;
39558;1/1/2021 00:00;VA1;OUT Correction;-300;TRUE;MAN UPD SAP DIFF;TRUE;-100;OUT Correction;;
39563;1/1/2021 00:00;VA1;OUT Correction;-400;TRUE;MAN UPD SAP DIFF;TRUE;-100;OUT Correction;;
39589;1/1/2021 00:00;VA1;OUT Correction;-300;TRUE;MAN UPD SAP DIFF;TRUE;-100;OUT Correction;;
39590;1/1/2021 00:00;VA1;OUT Correction;-100;TRUE;MAN UPD SAP DIFF;TRUE;-100;OUT Correction;;
39594;1/1/2021 00:00;VA1;OUT Correction;-100;TRUE;MAN UPD SAP DIFF;TRUE;-100;OUT Correction;;
39596;1/1/2021 00:00;VA1;OUT Correction;-300;TRUE;MAN UPD SAP DIFF;TRUE;-100;OUT Correction;;
39616;1/1/2021 00:00;VA1;OUT Correction;-200;TRUE;MAN UPD SAP DIFF;TRUE;-100;OUT Correction;;
39626;1/1/2021 00:00;VA1;OUT Correction;-700;TRUE;MAN UPD SAP DIFF;TRUE;-100;OUT Correction;;
39628;1/1/2021 00:00;VA1;OUT Correction;-500;TRUE;MAN UPD SAP DIFF;TRUE;-100;OUT Correction;;
39669;1/1/2021 00:00;VA1;OUT Correction;-200;TRUE;MAN UPD SAP DIFF;TRUE;-100;OUT Correction;;
39670;1/1/2021 00:00;VA1;OUT Correction;-1000;TRUE;MAN UPD SAP DIFF;TRUE;-100;OUT Correction;;
39689;1/1/2021 00:00;VA1;OUT Correction;-200;TRUE;MAN UPD SAP DIFF;TRUE;-100;OUT Correction;;
39696;1/1/2021 00:00;VA1;OUT Correction;-500;TRUE;MAN UPD SAP DIFF;TRUE;-100;OUT Correction;;
39701;1/1/2021 00:00;VA1;OUT Correction;-200;TRUE;MAN UPD SAP DIFF;TRUE;-100;OUT Correction;;
39707;1/1/2021 00:00;VA1;OUT Correction;-300;TRUE;MAN UPD SAP DIFF;TRUE;-100;OUT Correction;;
39746;1/1/2021 00:00;VA1;OUT Correction;-200;TRUE;MAN UPD SAP DIFF;TRUE;-100;OUT Correction;;
39749;1/1/2021 00:00;VA1;OUT Correction;-600;TRUE;MAN UPD SAP DIFF;TRUE;-100;OUT Correction;;
39755;1/1/2021 00:00;VA1;OUT Correction;-100;TRUE;MAN UPD SAP DIFF;TRUE;-100;OUT Correction;;
39804;1/1/2021 00:00;VA1;OUT Correction;-500;TRUE;MAN UPD SAP DIFF;TRUE;-100;OUT Correction;;
39805;1/1/2021 00:00;VA1;OUT Correction;-100;TRUE;MAN UPD SAP DIFF;TRUE;-100;OUT Correction;;
39826;1/1/2021 00:00;VA1;OUT Correction;-100;TRUE;MAN UPD SAP DIFF;TRUE;-100;OUT Correction;;
39828;1/1/2021 00:00;VA1;OUT Correction;-400;TRUE;MAN UPD SAP DIFF;TRUE;-100;OUT Correction;;
39834;1/1/2021 00:00;VA1;OUT Correction;-200;TRUE;MAN UPD SAP DIFF;TRUE;-100;OUT Correction;;
39837;1/1/2021 00:00;VA1;OUT Correction;-100;TRUE;MAN UPD SAP DIFF;TRUE;-100;OUT Correction;;
39883;1/1/2021 00:00;VA1;OUT Correction;-200;TRUE;MAN UPD SAP DIFF;TRUE;-100;OUT Correction;;
39906;1/1/2021 00:00;VA1;OUT Correction;-200;TRUE;MAN UPD SAP DIFF;TRUE;-100;OUT Correction;;
39910;1/1/2021 00:00;VA1;OUT Correction;-700;TRUE;MAN UPD SAP DIFF;TRUE;-100;OUT Correction;;
39911;1/1/2021 00:00;VA1;OUT Correction;-600;TRUE;MAN UPD SAP DIFF;TRUE;-100;OUT Correction;;
39924;1/1/2021 00:00;VA1;OUT Correction;-100;TRUE;MAN UPD SAP DIFF;TRUE;-100;OUT Correction;;
39928;1/1/2021 00:00;VA1;OUT Correction;-100;TRUE;MAN UPD SAP DIFF;TRUE;-100;OUT Correction;;
60856;1/1/2021 00:00;VA1;OUT Correction;-100;TRUE;MAN UPD SAP DIFF;TRUE;-100;OUT Correction;;
61636;1/1/2021 00:00;VA1;OUT Correction;-400;TRUE;MAN UPD SAP DIFF;TRUE;-100;OUT Correction;;
61656;1/1/2021 00:00;VA1;OUT Correction;-100;TRUE;MAN UPD SAP DIFF;TRUE;-100;OUT Correction;;
61707;1/1/2021 00:00;VA1;OUT Correction;-700;TRUE;MAN UPD SAP DIFF;TRUE;-100;OUT Correction;;
62108;1/1/2021 00:00;VA1;OUT Correction;-100;TRUE;MAN UPD SAP DIFF;TRUE;-100;OUT Correction;;
62131;1/1/2021 00:00;VA1;OUT Correction;-1100;TRUE;MAN UPD SAP DIFF;TRUE;-100;OUT Correction;;
62200;1/1/2021 00:00;VA1;OUT Correction;-400;TRUE;MAN UPD SAP DIFF;TRUE;-100;OUT Correction;;
62411;1/1/2021 00:00;VA1;OUT Correction;-700;TRUE;MAN UPD SAP DIFF;TRUE;-100;OUT Correction;;
62451;1/1/2021 00:00;VA1;OUT Correction;-700;TRUE;MAN UPD SAP DIFF;TRUE;-100;OUT Correction;;
62594;1/1/2021 00:00;VA1;OUT Correction;-500;TRUE;MAN UPD SAP DIFF;TRUE;-100;OUT Correction;;
62679;1/1/2021 00:00;VA1;OUT Correction;-400;TRUE;MAN UPD SAP DIFF;TRUE;-100;OUT Correction;;
62718;1/1/2021 00:00;VA1;OUT Correction;-700;TRUE;MAN UPD SAP DIFF;TRUE;-100;OUT Correction;;
62863;1/1/2021 00:00;VA1;OUT Correction;-800;TRUE;MAN UPD SAP DIFF;TRUE;-100;OUT Correction;;
62883;1/1/2021 00:00;VA1;OUT Correction;-500;TRUE;MAN UPD SAP DIFF;TRUE;-100;OUT Correction;;
62969;1/1/2021 00:00;VA1;OUT Correction;-100;TRUE;MAN UPD SAP DIFF;TRUE;-100;OUT Correction;;
62972;1/1/2021 00:00;VA1;OUT Correction;-500;TRUE;MAN UPD SAP DIFF;TRUE;-100;OUT Correction;;
63241;1/1/2021 00:00;VA1;OUT Correction;-400;TRUE;MAN UPD SAP DIFF;TRUE;-100;OUT Correction;;
63894;1/1/2021 00:00;VA1;OUT Correction;-600;TRUE;MAN UPD SAP DIFF;TRUE;-100;OUT Correction;;
63909;1/1/2021 00:00;VA1;OUT Correction;-400;TRUE;MAN UPD SAP DIFF;TRUE;-100;OUT Correction;;
64032;1/1/2021 00:00;VA1;OUT Correction;-400;TRUE;MAN UPD SAP DIFF;TRUE;-100;OUT Correction;;
64373;1/1/2021 00:00;VA1;OUT Correction;-400;TRUE;MAN UPD SAP DIFF;TRUE;-100;OUT Correction;;
64474;1/1/2021 00:00;VA1;OUT Correction;-400;TRUE;MAN UPD SAP DIFF;TRUE;-100;OUT Correction;;
64515;1/1/2021 00:00;VA1;OUT Correction;-500;TRUE;MAN UPD SAP DIFF;TRUE;-100;OUT Correction;;
64750;1/1/2021 00:00;VA1;OUT Correction;-300;TRUE;MAN UPD SAP DIFF;TRUE;-100;OUT Correction;;
64783;1/1/2021 00:00;VA1;OUT Correction;-400;TRUE;MAN UPD SAP DIFF;TRUE;-100;OUT Correction;;
64821;1/1/2021 00:00;VA1;OUT Correction;-100;TRUE;MAN UPD SAP DIFF;TRUE;-100;OUT Correction;;
65098;1/1/2021 00:00;VA1;OUT Correction;-600;TRUE;MAN UPD SAP DIFF;TRUE;-100;OUT Correction;;
65140;1/1/2021 00:00;VA1;OUT Correction;-200;TRUE;MAN UPD SAP DIFF;TRUE;-100;OUT Correction;;
65168;1/1/2021 00:00;VA1;OUT Correction;-900;TRUE;MAN UPD SAP DIFF;TRUE;-100;OUT Correction;;
65863;1/1/2021 00:00;VA1;OUT Correction;-300;TRUE;MAN UPD SAP DIFF;TRUE;-100;OUT Correction;;
65956;1/1/2021 00:00;VA1;OUT Correction;-500;TRUE;MAN UPD SAP DIFF;TRUE;-100;OUT Correction;;
66368;1/1/2021 00:00;VA1;OUT Correction;-200;TRUE;MAN UPD SAP DIFF;TRUE;-100;OUT Correction;;
66532;1/1/2021 00:00;VA1;OUT Correction;-200;TRUE;MAN UPD SAP DIFF;TRUE;-100;OUT Correction;;
66988;1/1/2021 00:00;VA1;OUT Correction;-200;TRUE;MAN UPD SAP DIFF;TRUE;-100;OUT Correction;;
67135;1/1/2021 00:00;VA1;OUT Correction;-500;TRUE;MAN UPD SAP DIFF;TRUE;-100;OUT Correction;;
67314;1/1/2021 00:00;VA1;OUT Correction;-600;TRUE;MAN UPD SAP DIFF;TRUE;-100;OUT Correction;;
67330;1/1/2021 00:00;VA1;OUT Correction;-800;TRUE;MAN UPD SAP DIFF;TRUE;-100;OUT Correction;;
67469;1/1/2021 00:00;VA1;OUT Correction;-200;TRUE;MAN UPD SAP DIFF;TRUE;-100;OUT Correction;;
67542;1/1/2021 00:00;VA1;OUT Correction;-100;TRUE;MAN UPD SAP DIFF;TRUE;-100;OUT Correction;;
67608;1/1/2021 00:00;VA1;OUT Correction;-400;TRUE;MAN UPD SAP DIFF;TRUE;-100;OUT Correction;;
67620;1/1/2021 00:00;VA1;OUT Correction;-100;TRUE;MAN UPD SAP DIFF;TRUE;-100;OUT Correction;;
67752;1/1/2021 00:00;VA1;OUT Correction;-200;TRUE;MAN UPD SAP DIFF;TRUE;-100;OUT Correction;;
67823;1/1/2021 00:00;VA1;OUT Correction;-100;TRUE;MAN UPD SAP DIFF;TRUE;-100;OUT Correction;;
67826;1/1/2021 00:00;VA1;OUT Correction;-600;TRUE;MAN UPD SAP DIFF;TRUE;-100;OUT Correction;;
67934;1/1/2021 00:00;VA1;OUT Correction;-800;TRUE;MAN UPD SAP DIFF;TRUE;-100;OUT Correction;;
68440;1/1/2021 00:00;VA1;OUT Correction;-500;TRUE;MAN UPD SAP DIFF;TRUE;-100;OUT Correction;;
68451;1/1/2021 00:00;VA1;OUT Correction;-200;TRUE;MAN UPD SAP DIFF;TRUE;-100;OUT Correction;;
68685;1/1/2021 00:00;VA1;OUT Correction;-400;TRUE;MAN UPD SAP DIFF;TRUE;-100;OUT Correction;;
68714;1/1/2021 00:00;VA1;OUT Correction;-900;TRUE;MAN UPD SAP DIFF;TRUE;-100;OUT Correction;;
68817;1/1/2021 00:00;VA1;OUT Correction;-300;TRUE;MAN UPD SAP DIFF;TRUE;-100;OUT Correction;;
68848;1/1/2021 00:00;VA1;OUT Correction;-400;TRUE;MAN UPD SAP DIFF;TRUE;-100;OUT Correction;;
69115;1/1/2021 00:00;VA1;OUT Correction;-500;TRUE;MAN UPD SAP DIFF;TRUE;-100;OUT Correction;;
69256;1/1/2021 00:00;VA1;OUT Correction;-200;TRUE;MAN UPD SAP DIFF;TRUE;-100;OUT Correction;;
69281;1/1/2021 00:00;VA1;OUT Correction;-500;TRUE;MAN UPD SAP DIFF;TRUE;-100;OUT Correction;;
69593;1/1/2021 00:00;VA1;OUT Correction;-200;TRUE;MAN UPD SAP DIFF;TRUE;-100;OUT Correction;;
69727;1/1/2021 00:00;VA1;OUT Correction;-100;TRUE;MAN UPD SAP DIFF;TRUE;-100;OUT Correction;;
69754;1/1/2021 00:00;VA1;OUT Correction;-700;TRUE;MAN UPD SAP DIFF;TRUE;-100;OUT Correction;;
69787;1/1/2021 00:00;VA1;OUT Correction;-100;TRUE;MAN UPD SAP DIFF;TRUE;-100;OUT Correction;;
69794;1/1/2021 00:00;VA1;OUT Correction;-200;TRUE;MAN UPD SAP DIFF;TRUE;-100;OUT Correction;;
69929;1/1/2021 00:00;VA1;OUT Correction;-100;TRUE;MAN UPD SAP DIFF;TRUE;-100;OUT Correction;;
86561;1/1/2021 00:00;VA1;OUT Correction;-500;TRUE;MAN UPD SAP DIFF;TRUE;-100;OUT Correction;;
86576;1/1/2021 00:00;VA1;OUT Correction;-500;TRUE;MAN UPD SAP DIFF;TRUE;-100;OUT Correction;;
86596;1/1/2021 00:00;VA1;OUT Correction;-600;TRUE;MAN UPD SAP DIFF;TRUE;-100;OUT Correction;;
86616;1/1/2021 00:00;VA1;OUT Correction;-400;TRUE;MAN UPD SAP DIFF;TRUE;-100;OUT Correction;;
86620;1/1/2021 00:00;VA1;OUT Correction;-800;TRUE;MAN UPD SAP DIFF;TRUE;-100;OUT Correction;;
86624;1/1/2021 00:00;VA1;OUT Correction;-400;TRUE;MAN UPD SAP DIFF;TRUE;-100;OUT Correction;;
86633;1/1/2021 00:00;VA1;OUT Correction;-100;TRUE;MAN UPD SAP DIFF;TRUE;-100;OUT Correction;;
