60751;SingleFUnbid;*;Enligt listan 2023
66988;SingleFUnbid;*;Enligt listan 2023
37492;SingleFUnbid;*;Enligt listan 2023
91794;SingleFUnbid;*;Enligt listan 2023
30997;SingleFUnbid;*;Enligt listan 2023
34634;SingleFUnbid;*;Enligt listan 2023
35573;SingleFUnbid;*;Enligt listan 2023
39065;SingleFUnbid;*;Enligt listan 2023
69281;SingleFUnbid;*;Enligt listan 2023
38292;SingleFUnbid;*;Enligt listan 2023
34982;SingleFUnbid;*;Enligt listan 2023
30599;SingleFUnbid;*;Enligt listan 2023
39558;SingleFUnbid;*;Enligt listan 2023
35097;SingleFUnbid;*;Enligt listan 2023
91778;SingleFUnbid;*;Enligt listan 2023
38220;SingleFUnbid;*;Enligt listan 2023
35696;SingleFUnbid;*;Enligt listan 2023
37289;SingleFUnbid;*;Enligt listan 2023
39354;SingleFUnbid;*;Enligt listan 2023
34081;SingleFUnbid;*;Enligt listan 2023
39264;SingleFUnbid;*;Enligt listan 2023
86714;SingleFUnbid;*;Enligt listan 2023
39273;SingleFUnbid;*;Enligt listan 2023
61636;SingleFUnbid;*;Enligt listan 2023
38226;SingleFUnbid;*;Enligt listan 2023
38798;SingleFUnbid;*;Enligt listan 2023
39003;SingleFUnbid;*;Enligt listan 2023
30994;SingleFUnbid;*;Enligt listan 2023
65863;SingleFUnbid;*;Enligt listan 2023
91359;SingleFUnbid;*;Enligt listan 2023
35742;SingleFUnbid;*;Enligt listan 2023
37089;SingleFUnbid;*;Enligt listan 2023
39837;SingleFUnbid;*;Enligt listan 2023
35588;SingleFUnbid;*;Enligt listan 2023
39928;SingleFUnbid;*;Enligt listan 2023
33686;SingleFUnbid;*;Enligt listan 2023
38627;SingleFUnbid;*;Enligt listan 2023
29424;SingleFUnbid;*;Enligt listan 2023
30815;SingleFUnbid;*;Enligt listan 2023
38629;SingleFUnbid;*;Enligt listan 2023
69787;SingleFUnbid;*;Enligt listan 2023
38540;SingleFUnbid;*;Enligt listan 2023
37568;SingleFUnbid;*;Enligt listan 2023
61668;SingleFUnbid;*;Enligt listan 2023
38649;SingleFUnbid;*;Enligt listan 2023
86561;SingleFUnbid;*;Enligt listan 2023
65693;SingleFUnbid;*;Enligt listan 2023
39248;SingleFUnbid;*;Enligt listan 2023
38045;SingleFUnbid;*;Enligt listan 2023
37805;SingleFUnbid;*;Enligt listan 2023
39394;SingleFUnbid;*;Enligt listan 2023
66368;SingleFUnbid;*;Enligt listan 2023
39590;SingleFUnbid;*;Enligt listan 2023
39313;SingleFUnbid;*;Enligt listan 2023
69115;SingleFUnbid;*;Enligt listan 2023
35092;SingleFUnbid;*;Enligt listan 2023
39883;SingleFUnbid;*;Enligt listan 2023
34387;SingleFUnbid;*;Enligt listan 2023
39108;SingleFUnbid;*;Enligt listan 2023
38229;SingleFUnbid;*;Enligt listan 2023
69794;SingleFUnbid;*;Enligt listan 2023
34643;SingleFUnbid;*;Enligt listan 2023
39911;SingleFUnbid;*;Enligt listan 2023
30043;SingleFUnbid;*;Enligt listan 2023
30752;SingleFUnbid;*;Enligt listan 2023
93582;SingleFUnbid;*;Enligt listan 2023
30307;SingleFUnbid;*;Enligt listan 2023
86620;SingleFUnbid;*;Enligt listan 2023
62200;SingleFUnbid;*;Enligt listan 2023
61707;SingleFUnbid;*;Enligt listan 2023
34398;SingleFUnbid;*;Enligt listan 2023
37169;SingleFUnbid;*;Enligt listan 2023
37200;SingleFUnbid;*;Enligt listan 2023
35298;SingleFUnbid;*;Enligt listan 2023
30744;SingleFUnbid;*;Enligt listan 2023
86616;SingleFUnbid;*;Enligt listan 2023
62131;SingleFUnbid;*;Enligt listan 2023
35873;SingleFUnbid;*;Enligt listan 2023
31780;SingleFUnbid;*;Enligt listan 2023
38791;SingleFUnbid;*;Enligt listan 2023
39374;SingleFUnbid;*;Enligt listan 2023
35161;SingleFUnbid;*;Enligt listan 2023
34780;SingleFUnbid;*;Enligt listan 2023
39693;SingleFUnbid;*;Enligt listan 2023
39384;SingleFUnbid;*;Enligt listan 2023
26971;SingleFUnbid;*;Enligt listan 2023
35106;SingleFUnbid;*;Enligt listan 2023
27350;SingleFUnbid;*;Enligt listan 2023
26101;SingleFUnbid;*;Enligt listan 2023
67934;SingleFUnbid;*;Enligt listan 2023
38216;SingleFUnbid;*;Enligt listan 2023
68018;SingleFUnbid;*;Enligt listan 2023
38988;SingleFUnbid;*;Enligt listan 2023
39846;SingleFUnbid;*;Enligt listan 2023
63367;SingleFUnbid;*;Enligt listan 2023
34885;SingleFUnbid;*;Enligt listan 2023
34175;SingleFUnbid;*;Enligt listan 2023
36289;SingleFUnbid;*;Enligt listan 2023
37744;SingleFUnbid;*;Enligt listan 2023
30369;SingleFUnbid;*;Enligt listan 2023
34916;SingleFUnbid;*;Enligt listan 2023
35080;SingleFUnbid;*;Enligt listan 2023
30992;SingleFUnbid;*;Enligt listan 2023
34757;SingleFUnbid;*;Enligt listan 2023
38588;SingleFUnbid;*;Enligt listan 2023
62108;SingleFUnbid;*;Enligt listan 2023
85039;SingleFUnbid;*;Enligt listan 2023
38622;SingleFUnbid;*;Enligt listan 2023
39906;SingleFUnbid;*;Enligt listan 2023
30964;SingleFUnbid;*;Enligt listan 2023
38199;SingleFUnbid;*;Enligt listan 2023
37496;SingleFUnbid;*;Enligt listan 2023
34477;SingleFUnbid;*;Enligt listan 2023
62341;SingleFUnbid;*;Enligt listan 2023
37139;SingleFUnbid;*;Enligt listan 2023
37541;SingleFUnbid;*;Enligt listan 2023
35016;SingleFUnbid;*;Enligt listan 2023
38623;SingleFUnbid;*;Enligt listan 2023
34720;SingleFUnbid;*;Enligt listan 2023
39633;SingleFUnbid;*;Enligt listan 2023
86342;SingleFUnbid;*;Enligt listan 2023
37788;SingleFUnbid;*;Enligt listan 2023
30201;SingleFUnbid;*;Enligt listan 2023
35927;SingleFUnbid;*;Enligt listan 2023
38072;SingleFUnbid;*;Enligt listan 2023
93379;SingleFUnbid;*;Enligt listan 2023
68603;SingleFUnbid;*;Enligt listan 2023
38557;SingleFUnbid;*;Enligt listan 2023
35713;SingleFUnbid;*;Enligt listan 2023
35598;SingleFUnbid;*;Enligt listan 2023
39103;SingleFUnbid;*;Enligt listan 2023
17475;SingleFUnbid;*;Enligt listan 2023
37339;SingleFUnbid;*;Enligt listan 2023
34461;SingleFUnbid;*;Enligt listan 2023
86633;SingleFUnbid;*;Enligt listan 2023
35668;SingleFUnbid;*;Enligt listan 2023
62718;SingleFUnbid;*;Enligt listan 2023
39628;SingleFUnbid;*;Enligt listan 2023
39307;SingleFUnbid;*;Enligt listan 2023
86599;SingleFUnbid;*;Enligt listan 2023
38078;SingleFUnbid;*;Enligt listan 2023
30589;SingleFUnbid;*;Enligt listan 2023
39298;SingleFUnbid;*;Enligt listan 2023
39882;SingleFUnbid;*;Enligt listan 2023
37195;SingleFUnbid;*;Enligt listan 2023
91292;SingleFUnbid;*;Enligt listan 2023
68372;SingleFUnbid;*;Enligt listan 2023
38323;SingleFUnbid;*;Enligt listan 2023
34557;SingleFUnbid;*;Enligt listan 2023
32853;SingleFUnbid;*;Enligt listan 2023
62338;SingleFUnbid;*;Enligt listan 2023
38835;SingleFUnbid;*;Enligt listan 2023
35848;SingleFUnbid;*;Enligt listan 2023
37487;SingleFUnbid;*;Enligt listan 2023
37168;SingleFUnbid;*;Enligt listan 2023
38605;SingleFUnbid;*;Enligt listan 2023
34845;SingleFUnbid;*;Enligt listan 2023
38245;SingleFUnbid;*;Enligt listan 2023
39126;SingleFUnbid;*;Enligt listan 2023
39626;SingleFUnbid;*;Enligt listan 2023
35320;SingleFUnbid;*;Enligt listan 2023
86576;SingleFUnbid;*;Enligt listan 2023
86987;SingleFUnbid;*;Enligt listan 2023
39616;SingleFUnbid;*;Enligt listan 2023
30677;SingleFUnbid;*;Enligt listan 2023
65102;SingleFUnbid;*;Enligt listan 2023
33910;SingleFUnbid;*;Enligt listan 2023
38903;SingleFUnbid;*;Enligt listan 2023
39826;SingleFUnbid;*;Enligt listan 2023
38334;SingleFUnbid;*;Enligt listan 2023
31781;SingleFUnbid;*;Enligt listan 2023
39266;SingleFUnbid;*;Enligt listan 2023
38873;SingleFUnbid;*;Enligt listan 2023
32246;SingleFUnbid;*;Enligt listan 2023
36929;SingleFUnbid;*;Enligt listan 2023
34296;SingleFUnbid;*;Enligt listan 2023
38052;SingleFUnbid;*;Enligt listan 2023
39669;SingleFUnbid;*;Enligt listan 2023
30388;SingleFUnbid;*;Enligt listan 2023
37694;SingleFUnbid;*;Enligt listan 2023
37087;SingleFUnbid;*;Enligt listan 2023
34580;SingleFUnbid;*;Enligt listan 2023
86624;SingleFUnbid;*;Enligt listan 2023
38337;SingleFUnbid;*;Enligt listan 2023
38828;SingleFUnbid;*;Enligt listan 2023
34371;SingleFUnbid;*;Enligt listan 2023
38552;SingleFUnbid;*;Enligt listan 2023
69929;SingleFUnbid;*;Enligt listan 2023
35030;SingleFUnbid;*;Enligt listan 2023
35058;SingleFUnbid;*;Enligt listan 2023
30592;SingleFUnbid;*;Enligt listan 2023
37122;SingleFUnbid;*;Enligt listan 2023
37301;SingleFUnbid;*;Enligt listan 2023
37971;SingleFUnbid;*;Enligt listan 2023
37870;SingleFUnbid;*;Enligt listan 2023
69727;SingleFUnbid;*;Enligt listan 2023
38040;SingleFUnbid;*;Enligt listan 2023
23667;SingleFUnbid;*;Enligt listan 2023
64750;SingleFUnbid;*;Enligt listan 2023
35150;SingleFUnbid;*;Enligt listan 2023
63241;SingleFUnbid;*;Enligt listan 2023
35029;SingleFUnbid;*;Enligt listan 2023
10069;SingleFUnbid;*;Enligt listan 2023
93378;SingleFUnbid;*;Enligt listan 2023
86606;SingleFUnbid;*;Enligt listan 2023
38538;SingleFUnbid;*;Enligt listan 2023
34857;SingleFUnbid;*;Enligt listan 2023
38630;SingleFUnbid;*;Enligt listan 2023
39429;SingleFUnbid;*;Enligt listan 2023
34545;SingleFUnbid;*;Enligt listan 2023
39912;SingleFUnbid;*;Enligt listan 2023
37597;SingleFUnbid;*;Enligt listan 2023
39563;SingleFUnbid;*;Enligt listan 2023
93594;SingleFUnbid;*;Enligt listan 2023
93576;SingleFUnbid;*;Enligt listan 2023
30196;SingleFUnbid;*;Enligt listan 2023
37954;SingleFUnbid;*;Enligt listan 2023
37189;SingleFUnbid;*;Enligt listan 2023
38242;SingleFUnbid;*;Enligt listan 2023
39924;SingleFUnbid;*;Enligt listan 2023
69893;SingleFUnbid;*;Enligt listan 2023
37755;SingleFUnbid;*;Enligt listan 2023
38805;SingleFUnbid;*;Enligt listan 2023
68848;SingleFUnbid;*;Enligt listan 2023
33559;SingleFUnbid;*;Enligt listan 2023
61591;SingleFUnbid;*;Enligt listan 2023
30071;SingleFUnbid;*;Enligt listan 2023
34871;SingleFUnbid;*;Enligt listan 2023
36870;SingleFUnbid;*;Enligt listan 2023
39780;SingleFUnbid;*;Enligt listan 2023
35431;SingleFUnbid;*;Enligt listan 2023
34717;SingleFUnbid;*;Enligt listan 2023
38204;SingleFUnbid;*;Enligt listan 2023
30764;SingleFUnbid;*;Enligt listan 2023
86729;SingleFUnbid;*;Enligt listan 2023
31925;SingleFUnbid;*;Enligt listan 2023
38237;SingleFUnbid;*;Enligt listan 2023
93199;SingleFUnbid;*;Enligt listan 2023
30028;SingleFUnbid;*;Enligt listan 2023
37769;SingleFUnbid;*;Enligt listan 2023
34715;SingleFUnbid;*;Enligt listan 2023
37859;SingleFUnbid;*;Enligt listan 2023
37480;SingleFUnbid;*;Enligt listan 2023
38871;SingleFUnbid;*;Enligt listan 2023
38613;SingleFUnbid;*;Enligt listan 2023
37368;SingleFUnbid;*;Enligt listan 2023
34995;SingleFUnbid;*;Enligt listan 2023
37942;SingleFUnbid;*;Enligt listan 2023
39131;SingleFUnbid;*;Enligt listan 2023
38879;SingleFUnbid;*;Enligt listan 2023
91679;SingleFUnbid;*;Enligt listan 2023
39260;SingleFUnbid;*;Enligt listan 2023
67620;SingleFUnbid;*;Enligt listan 2023
39834;SingleFUnbid;*;Enligt listan 2023
37091;SingleFUnbid;*;Enligt listan 2023
34709;SingleFUnbid;*;Enligt listan 2023
39707;SingleFUnbid;*;Enligt listan 2023
35282;SingleFUnbid;*;Enligt listan 2023
38595;SingleFUnbid;*;Enligt listan 2023
69742;SingleFUnbid;*;Enligt listan 2023
93319;SingleFUnbid;*;Enligt listan 2023
35641;SingleFUnbid;*;Enligt listan 2023
39827;SingleFUnbid;*;Enligt listan 2023
38883;SingleFUnbid;*;Enligt listan 2023
37350;SingleFUnbid;*;Enligt listan 2023
37888;SingleFUnbid;*;Enligt listan 2023
30593;SingleFUnbid;*;Enligt listan 2023
34510;SingleFUnbid;*;Enligt listan 2023
37575;SingleFUnbid;*;Enligt listan 2023
34080;SingleFUnbid;*;Enligt listan 2023
86057;SingleFUnbid;*;Enligt listan 2023
34779;SingleFUnbid;*;Enligt listan 2023
68026;SingleFUnbid;*;Enligt listan 2023
38634;SingleFUnbid;*;Enligt listan 2023
18134;SingleFUnbid;*;Enligt listan 2023
34251;SingleFUnbid;*;Enligt listan 2023
37276;SingleFUnbid;*;Enligt listan 2023
86858;SingleFUnbid;*;Enligt listan 2023
94747;SingleFUnbid;*;Enligt listan 2023
94735;SingleFUnbid;*;Enligt listan 2023
94736;SingleFUnbid;*;Enligt listan 2023
94739;SingleFUnbid;*;Enligt listan 2023
94882;SingleFUnbid;*;Enligt listan 2023