39602;1/1/2021 00:00;F37;OUT Correction;-130;TRUE;Paid out;TRUE;-100;OUT Correction;;
17120;1/1/2021 0:00;F37;OUT Correction;-110;TRUE;Paid out;TRUE;-100;OUT Correction;;
30371;1/1/2021 0:00;F37;OUT Correction;-20;TRUE;Paid out;TRUE;-100;OUT Correction;;
62779;1/1/2021 0:00;F37;OUT Correction;-140;TRUE;Paid out;TRUE;-100;OUT Correction;;
35564;1/1/2021 0:00;F37;OUT Correction;-20;TRUE;Paid out;TRUE;-100;OUT Correction;;
30377;1/1/2021 0:00;F37;OUT Correction;-20;TRUE;Paid out;TRUE;-100;OUT Correction;;
12412;1/1/2021 0:00;F37;OUT Correction;-140;TRUE;Paid out;TRUE;-100;OUT Correction;;
79623;1/1/2021 0:00;F37;OUT Correction;-110;TRUE;Paid out;TRUE;-100;OUT Correction;;
11931;1/1/2021 0:00;F37;OUT Correction;-60;TRUE;Paid out;TRUE;-100;OUT Correction;;
10890;1/1/2021 0:00;F37;OUT Correction;-20;TRUE;Paid out;TRUE;-100;OUT Correction;;
29799;1/1/2021 0:00;F37;OUT Correction;-140;TRUE;Paid out;TRUE;-100;OUT Correction;;
21682;1/1/2021 0:00;F37;OUT Correction;-60;TRUE;Paid out;TRUE;-100;OUT Correction;;
38691;1/1/2021 0:00;F37;OUT Correction;-150;TRUE;Paid out;TRUE;-100;OUT Correction;;
38674;1/1/2021 0:00;F37;OUT Correction;-140;TRUE;Paid out;TRUE;-100;OUT Correction;;
11086;1/1/2021 0:00;F37;OUT Correction;-80;TRUE;Paid out;TRUE;-100;OUT Correction;;
28028;1/1/2021 0:00;F37;OUT Correction;-120;TRUE;Paid out;TRUE;-100;OUT Correction;;
62336;1/1/2021 0:00;F37;OUT Correction;-160;TRUE;Paid out;TRUE;-100;OUT Correction;;
38699;1/1/2021 0:00;F37;OUT Correction;-140;TRUE;Paid out;TRUE;-100;OUT Correction;;
79127;1/1/2021 0:00;F37;OUT Correction;-110;TRUE;Paid out;TRUE;-100;OUT Correction;;
69865;1/1/2021 0:00;F37;OUT Correction;-20;TRUE;Paid out;TRUE;-100;OUT Correction;;
66024;1/1/2021 0:00;F37;OUT Correction;-20;TRUE;Paid out;TRUE;-100;OUT Correction;;
90456;1/1/2021 0:00;F37;OUT Correction;-150;TRUE;Paid out;TRUE;-100;OUT Correction;;
34839;1/1/2021 0:00;F37;OUT Correction;-10;TRUE;Paid out;TRUE;-100;OUT Correction;;
25133;1/1/2021 0:00;F37;OUT Correction;-170;TRUE;Paid out;TRUE;-100;OUT Correction;;
38264;1/1/2021 0:00;F37;OUT Correction;-150;TRUE;Paid out;TRUE;-100;OUT Correction;;
16312;1/1/2021 0:00;F37;OUT Correction;-60;TRUE;Paid out;TRUE;-100;OUT Correction;;
38934;1/1/2021 0:00;F37;OUT Correction;-70;TRUE;Paid out;TRUE;-100;OUT Correction;;
34880;1/1/2021 0:00;F37;OUT Correction;-100;TRUE;Paid out;TRUE;-100;OUT Correction;;
10262;1/1/2021 0:00;F37;OUT Correction;-110;TRUE;Paid out;TRUE;-100;OUT Correction;;
68486;1/1/2021 0:00;F37;OUT Correction;-110;TRUE;Paid out;TRUE;-100;OUT Correction;;
86443;1/1/2021 0:00;F37;OUT Correction;-150;TRUE;Paid out;TRUE;-100;OUT Correction;;
24674;1/1/2021 0:00;F37;OUT Correction;-130;TRUE;Paid out;TRUE;-100;OUT Correction;;
75675;1/1/2021 0:00;F37;OUT Correction;-110;TRUE;Paid out;TRUE;-100;OUT Correction;;
22777;1/1/2021 0:00;F37;OUT Correction;-100;TRUE;Paid out;TRUE;-100;OUT Correction;;
38168;1/1/2021 0:00;F37;OUT Correction;-10;TRUE;Paid out;TRUE;-100;OUT Correction;;
86146;1/1/2021 0:00;F37;OUT Correction;-150;TRUE;Paid out;TRUE;-100;OUT Correction;;
38509;1/1/2021 0:00;F37;OUT Correction;-90;TRUE;Paid out;TRUE;-100;OUT Correction;;
38022;1/1/2021 0:00;F37;OUT Correction;-30;TRUE;Paid out;TRUE;-100;OUT Correction;;
38196;1/1/2021 0:00;F37;OUT Correction;-140;TRUE;Paid out;TRUE;-100;OUT Correction;;
35722;1/1/2021 0:00;F37;OUT Correction;-160;TRUE;Paid out;TRUE;-100;OUT Correction;;
68967;1/1/2021 0:00;F37;OUT Correction;-10;TRUE;Paid out;TRUE;-100;OUT Correction;;
19736;1/1/2021 0:00;F37;OUT Correction;-80;TRUE;Paid out;TRUE;-100;OUT Correction;;
22862;1/1/2021 0:00;F37;OUT Correction;-110;TRUE;Paid out;TRUE;-100;OUT Correction;;
61598;1/1/2021 0:00;F37;OUT Correction;-130;TRUE;Paid out;TRUE;-100;OUT Correction;;
26464;1/1/2021 0:00;F37;OUT Correction;-130;TRUE;Paid out;TRUE;-100;OUT Correction;;
12223;1/1/2021 0:00;F37;OUT Correction;-20;TRUE;Paid out;TRUE;-100;OUT Correction;;
75533;1/1/2021 0:00;F37;OUT Correction;-110;TRUE;Paid out;TRUE;-100;OUT Correction;;
10607;1/1/2021 0:00;F37;OUT Correction;-140;TRUE;Paid out;TRUE;-100;OUT Correction;;
86327;1/1/2021 0:00;F37;OUT Correction;-150;TRUE;Paid out;TRUE;-100;OUT Correction;;
91378;1/1/2021 0:00;F37;OUT Correction;-50;TRUE;Paid out;TRUE;-100;OUT Correction;;
75333;1/1/2021 0:00;F37;OUT Correction;-110;TRUE;Paid out;TRUE;-100;OUT Correction;;
22332;1/1/2021 0:00;F37;OUT Correction;-150;TRUE;Paid out;TRUE;-100;OUT Correction;;
30379;1/1/2021 0:00;F37;OUT Correction;-20;TRUE;Paid out;TRUE;-100;OUT Correction;;
30374;1/1/2021 0:00;F37;OUT Correction;-160;TRUE;Paid out;TRUE;-100;OUT Correction;;
22761;1/1/2021 0:00;F37;OUT Correction;-200;TRUE;Paid out;TRUE;-100;OUT Correction;;
14583;1/1/2021 0:00;F37;OUT Correction;-110;TRUE;Paid out;TRUE;-100;OUT Correction;;
11836;1/1/2021 0:00;F37;OUT Correction;-30;TRUE;Paid out;TRUE;-100;OUT Correction;;
38138;1/1/2021 0:00;F37;OUT Correction;-80;TRUE;Paid out;TRUE;-100;OUT Correction;;
26424;1/1/2021 0:00;F37;OUT Correction;-140;TRUE;Paid out;TRUE;-100;OUT Correction;;
38177;1/1/2021 0:00;F37;OUT Correction;-30;TRUE;Paid out;TRUE;-100;OUT Correction;;
67337;1/1/2021 0:00;F37;OUT Correction;-140;TRUE;Paid out;TRUE;-100;OUT Correction;;
29375;1/1/2021 0:00;F37;OUT Correction;-140;TRUE;Paid out;TRUE;-100;OUT Correction;;
28882;1/1/2021 0:00;F37;OUT Correction;-40;TRUE;Paid out;TRUE;-100;OUT Correction;;
39963;1/1/2021 0:00;F37;OUT Correction;-150;TRUE;Paid out;TRUE;-100;OUT Correction;;
15479;1/1/2021 0:00;F37;OUT Correction;-30;TRUE;Paid out;TRUE;-100;OUT Correction;;
28726;1/1/2021 0:00;F37;OUT Correction;-10;TRUE;Paid out;TRUE;-100;OUT Correction;;
86156;1/1/2021 0:00;F37;OUT Correction;-130;TRUE;Paid out;TRUE;-100;OUT Correction;;
63256;1/1/2021 0:00;F37;OUT Correction;-100;TRUE;Paid out;TRUE;-100;OUT Correction;;
26240;1/1/2021 0:00;F37;OUT Correction;-130;TRUE;Paid out;TRUE;-100;OUT Correction;;
75352;1/1/2021 0:00;F37;OUT Correction;-40;TRUE;Paid out;TRUE;-100;OUT Correction;;
11681;1/1/2021 0:00;F37;OUT Correction;-80;TRUE;Paid out;TRUE;-100;OUT Correction;;
30386;1/1/2021 0:00;F37;OUT Correction;-20;TRUE;Paid out;TRUE;-100;OUT Correction;;
66146;1/1/2021 0:00;F37;OUT Correction;-10;TRUE;Paid out;TRUE;-100;OUT Correction;;
37861;1/1/2021 0:00;F37;OUT Correction;-10;TRUE;Paid out;TRUE;-100;OUT Correction;;
63805;1/1/2021 0:00;F37;OUT Correction;-10;TRUE;Paid out;TRUE;-100;OUT Correction;;
38763;1/1/2021 0:00;F37;OUT Correction;-40;TRUE;Paid out;TRUE;-100;OUT Correction;;
19526;1/1/2021 0:00;F37;OUT Correction;-40;TRUE;Paid out;TRUE;-100;OUT Correction;;
34697;1/1/2021 0:00;F37;OUT Correction;-20;TRUE;Paid out;TRUE;-100;OUT Correction;;
14873;1/1/2021 0:00;F37;OUT Correction;-120;TRUE;Paid out;TRUE;-100;OUT Correction;;
25531;1/1/2021 0:00;F37;OUT Correction;-120;TRUE;Paid out;TRUE;-100;OUT Correction;;
38921;1/1/2021 0:00;F37;OUT Correction;-100;TRUE;Paid out;TRUE;-100;OUT Correction;;
34677;1/1/2021 0:00;F37;OUT Correction;-130;TRUE;Paid out;TRUE;-100;OUT Correction;;
16674;1/1/2021 0:00;F37;OUT Correction;-120;TRUE;Paid out;TRUE;-100;OUT Correction;;
38481;1/1/2021 0:00;F37;OUT Correction;-120;TRUE;Paid out;TRUE;-100;OUT Correction;;
35303;1/1/2021 0:00;F37;OUT Correction;-100;TRUE;Paid out;TRUE;-100;OUT Correction;;
17076;1/1/2021 0:00;F37;OUT Correction;-110;TRUE;Paid out;TRUE;-100;OUT Correction;;
86206;1/1/2021 0:00;F37;OUT Correction;-150;TRUE;Paid out;TRUE;-100;OUT Correction;;
63075;1/1/2021 0:00;F37;OUT Correction;-120;TRUE;Paid out;TRUE;-100;OUT Correction;;
18927;1/1/2021 0:00;F37;OUT Correction;-70;TRUE;Paid out;TRUE;-100;OUT Correction;;
38452;1/1/2021 0:00;F37;OUT Correction;-10;TRUE;Paid out;TRUE;-100;OUT Correction;;
10184;1/1/2021 0:00;F37;OUT Correction;-10;TRUE;Paid out;TRUE;-100;OUT Correction;;
25250;1/1/2021 0:00;F37;OUT Correction;-100;TRUE;Paid out;TRUE;-100;OUT Correction;;
30421;1/1/2021 0:00;F37;OUT Correction;-130;TRUE;Paid out;TRUE;-100;OUT Correction;;
26431;1/1/2021 0:00;F37;OUT Correction;-140;TRUE;Paid out;TRUE;-100;OUT Correction;;
19399;1/1/2021 0:00;F37;OUT Correction;-20;TRUE;Paid out;TRUE;-100;OUT Correction;;
86321;1/1/2021 0:00;F37;OUT Correction;-150;TRUE;Paid out;TRUE;-100;OUT Correction;;
38469;1/1/2021 0:00;F37;OUT Correction;-120;TRUE;Paid out;TRUE;-100;OUT Correction;;
11615;1/1/2021 0:00;F37;OUT Correction;-60;TRUE;Paid out;TRUE;-100;OUT Correction;;
26609;1/1/2021 0:00;F37;OUT Correction;-130;TRUE;Paid out;TRUE;-100;OUT Correction;;
10765;1/1/2021 0:00;F37;OUT Correction;-120;TRUE;Paid out;TRUE;-100;OUT Correction;;
37991;1/1/2021 0:00;F37;OUT Correction;-80;TRUE;Paid out;TRUE;-100;OUT Correction;;
75674;1/1/2021 0:00;F37;OUT Correction;-110;TRUE;Paid out;TRUE;-100;OUT Correction;;
35590;1/1/2021 0:00;F37;OUT Correction;-10;TRUE;Paid out;TRUE;-100;OUT Correction;;
17007;1/1/2021 0:00;F37;OUT Correction;-120;TRUE;Paid out;TRUE;-100;OUT Correction;;
30427;1/1/2021 0:00;F37;OUT Correction;-150;TRUE;Paid out;TRUE;-100;OUT Correction;;
79140;1/1/2021 0:00;F37;OUT Correction;-110;TRUE;Paid out;TRUE;-100;OUT Correction;;
26282;1/1/2021 0:00;F37;OUT Correction;-130;TRUE;Paid out;TRUE;-100;OUT Correction;;
28734;1/1/2021 0:00;F37;OUT Correction;-140;TRUE;Paid out;TRUE;-100;OUT Correction;;
22981;1/1/2021 0:00;F37;OUT Correction;-120;TRUE;Paid out;TRUE;-100;OUT Correction;;
34596;1/1/2021 0:00;F37;OUT Correction;-130;TRUE;Paid out;TRUE;-100;OUT Correction;;
21177;1/1/2021 0:00;F37;OUT Correction;-80;TRUE;Paid out;TRUE;-100;OUT Correction;;
10889;1/1/2021 0:00;F37;OUT Correction;-30;TRUE;Paid out;TRUE;-100;OUT Correction;;
37502;1/1/2021 0:00;F37;OUT Correction;-10;TRUE;Paid out;TRUE;-100;OUT Correction;;
29869;1/1/2021 0:00;F37;OUT Correction;-130;TRUE;Paid out;TRUE;-100;OUT Correction;;
14311;1/1/2021 0:00;F37;OUT Correction;-30;TRUE;Paid out;TRUE;-100;OUT Correction;;
30718;1/1/2021 0:00;F37;OUT Correction;-10;TRUE;Paid out;TRUE;-100;OUT Correction;;
67927;1/1/2021 0:00;F37;OUT Correction;-20;TRUE;Paid out;TRUE;-100;OUT Correction;;
86328;1/1/2021 0:00;F37;OUT Correction;-150;TRUE;Paid out;TRUE;-100;OUT Correction;;
28770;1/1/2021 0:00;F37;OUT Correction;-190;TRUE;Paid out;TRUE;-100;OUT Correction;;
19218;1/1/2021 0:00;F37;OUT Correction;-40;TRUE;Paid out;TRUE;-100;OUT Correction;;
37997;1/1/2021 0:00;F37;OUT Correction;-90;TRUE;Paid out;TRUE;-100;OUT Correction;;
22994;1/1/2021 0:00;F37;OUT Correction;-140;TRUE;Paid out;TRUE;-100;OUT Correction;;
79614;1/1/2021 0:00;F37;OUT Correction;-110;TRUE;Paid out;TRUE;-100;OUT Correction;;
38468;1/1/2021 0:00;F37;OUT Correction;-100;TRUE;Paid out;TRUE;-100;OUT Correction;;
86323;1/1/2021 0:00;F37;OUT Correction;-100;TRUE;Paid out;TRUE;-100;OUT Correction;;
28013;1/1/2021 0:00;F37;OUT Correction;-150;TRUE;Paid out;TRUE;-100;OUT Correction;;
90470;1/1/2021 0:00;F37;OUT Correction;-120;TRUE;Paid out;TRUE;-100;OUT Correction;;
34855;1/1/2021 0:00;F37;OUT Correction;-170;TRUE;Paid out;TRUE;-100;OUT Correction;;
86320;1/1/2021 0:00;F37;OUT Correction;-120;TRUE;Paid out;TRUE;-100;OUT Correction;;
27597;1/1/2021 0:00;F37;OUT Correction;-140;TRUE;Paid out;TRUE;-100;OUT Correction;;
75658;1/1/2021 0:00;F37;OUT Correction;-100;TRUE;Paid out;TRUE;-100;OUT Correction;;
91459;1/1/2021 0:00;F37;OUT Correction;-150;TRUE;Paid out;TRUE;-100;OUT Correction;;
32870;1/1/2021 0:00;F37;OUT Correction;-10;TRUE;Paid out;TRUE;-100;OUT Correction;;
37217;1/1/2021 0:00;F37;OUT Correction;-130;TRUE;Paid out;TRUE;-100;OUT Correction;;
62660;1/1/2021 0:00;F37;OUT Correction;-20;TRUE;Paid out;TRUE;-100;OUT Correction;;
25429;1/1/2021 0:00;F37;OUT Correction;-130;TRUE;Paid out;TRUE;-100;OUT Correction;;
35071;1/1/2021 0:00;F37;OUT Correction;-150;TRUE;Paid out;TRUE;-100;OUT Correction;;
26451;1/1/2021 0:00;F37;OUT Correction;-120;TRUE;Paid out;TRUE;-100;OUT Correction;;
10199;1/1/2021 0:00;F37;OUT Correction;-80;TRUE;Paid out;TRUE;-100;OUT Correction;;
24218;1/1/2021 0:00;F37;OUT Correction;-10;TRUE;Paid out;TRUE;-100;OUT Correction;;
62519;1/1/2021 0:00;F37;OUT Correction;-140;TRUE;Paid out;TRUE;-100;OUT Correction;;
68491;1/1/2021 0:00;F37;OUT Correction;-130;TRUE;Paid out;TRUE;-100;OUT Correction;;
38930;1/1/2021 0:00;F37;OUT Correction;-150;TRUE;Paid out;TRUE;-100;OUT Correction;;
75921;1/1/2021 0:00;F37;OUT Correction;-100;TRUE;Paid out;TRUE;-100;OUT Correction;;
86195;1/1/2021 0:00;F37;OUT Correction;-150;TRUE;Paid out;TRUE;-100;OUT Correction;;
69962;1/1/2021 0:00;F37;OUT Correction;-80;TRUE;Paid out;TRUE;-100;OUT Correction;;
38133;1/1/2021 0:00;F37;OUT Correction;-10;TRUE;Paid out;TRUE;-100;OUT Correction;;
67875;1/1/2021 0:00;F37;OUT Correction;-150;TRUE;Paid out;TRUE;-100;OUT Correction;;
29371;1/1/2021 0:00;F37;OUT Correction;-110;TRUE;Paid out;TRUE;-100;OUT Correction;;
62031;1/1/2021 0:00;F37;OUT Correction;-160;TRUE;Paid out;TRUE;-100;OUT Correction;;
18970;1/1/2021 0:00;F37;OUT Correction;-80;TRUE;Paid out;TRUE;-100;OUT Correction;;
79755;1/1/2021 0:00;F37;OUT Correction;-110;TRUE;Paid out;TRUE;-100;OUT Correction;;
49427;1/1/2021 0:00;F37;OUT Correction;-120;TRUE;Paid out;TRUE;-100;OUT Correction;;
62576;1/1/2021 0:00;F37;OUT Correction;-10;TRUE;Paid out;TRUE;-100;OUT Correction;;
17082;1/1/2021 0:00;F37;OUT Correction;-50;TRUE;Paid out;TRUE;-100;OUT Correction;;
79769;1/1/2021 0:00;F37;OUT Correction;-110;TRUE;Paid out;TRUE;-100;OUT Correction;;
57404;1/1/2021 0:00;F37;OUT Correction;-130;TRUE;Paid out;TRUE;-100;OUT Correction;;
18941;1/1/2021 0:00;F37;OUT Correction;-50;TRUE;Paid out;TRUE;-100;OUT Correction;;
16347;1/1/2021 0:00;F37;OUT Correction;-120;TRUE;Paid out;TRUE;-100;OUT Correction;;
38405;1/1/2021 0:00;F37;OUT Correction;-70;TRUE;Paid out;TRUE;-100;OUT Correction;;
38720;1/1/2021 0:00;F37;OUT Correction;-110;TRUE;Paid out;TRUE;-100;OUT Correction;;
20343;1/1/2021 0:00;F37;OUT Correction;-40;TRUE;Paid out;TRUE;-100;OUT Correction;;
26434;1/1/2021 0:00;F37;OUT Correction;-30;TRUE;Paid out;TRUE;-100;OUT Correction;;
67910;1/1/2021 0:00;F37;OUT Correction;-130;TRUE;Paid out;TRUE;-100;OUT Correction;;
86675;1/1/2021 0:00;F37;OUT Correction;-110;TRUE;Paid out;TRUE;-100;OUT Correction;;
35885;1/1/2021 0:00;F37;OUT Correction;-110;TRUE;Paid out;TRUE;-100;OUT Correction;;
26343;1/1/2021 0:00;F37;OUT Correction;-130;TRUE;Paid out;TRUE;-100;OUT Correction;;
39977;1/1/2021 0:00;F37;OUT Correction;-120;TRUE;Paid out;TRUE;-100;OUT Correction;;
37235;1/1/2021 0:00;F37;OUT Correction;-60;TRUE;Paid out;TRUE;-100;OUT Correction;;
34718;1/1/2021 0:00;F37;OUT Correction;-120;TRUE;Paid out;TRUE;-100;OUT Correction;;
35627;1/1/2021 0:00;F37;OUT Correction;-160;TRUE;Paid out;TRUE;-100;OUT Correction;;
21651;1/1/2021 0:00;F37;OUT Correction;-100;TRUE;Paid out;TRUE;-100;OUT Correction;;
36058;1/1/2021 0:00;F37;OUT Correction;-120;TRUE;Paid out;TRUE;-100;OUT Correction;;
10891;1/1/2021 0:00;F37;OUT Correction;-30;TRUE;Paid out;TRUE;-100;OUT Correction;;
37846;1/1/2021 0:00;F37;OUT Correction;-50;TRUE;Paid out;TRUE;-100;OUT Correction;;
21221;1/1/2021 0:00;F37;OUT Correction;-80;TRUE;Paid out;TRUE;-100;OUT Correction;;
22990;1/1/2021 0:00;F37;OUT Correction;-110;TRUE;Paid out;TRUE;-100;OUT Correction;;
44137;1/1/2021 0:00;F37;OUT Correction;-120;TRUE;Paid out;TRUE;-100;OUT Correction;;
75512;1/1/2021 0:00;F37;OUT Correction;-110;TRUE;Paid out;TRUE;-100;OUT Correction;;
30433;1/1/2021 0:00;F37;OUT Correction;-120;TRUE;Paid out;TRUE;-100;OUT Correction;;
30426;1/1/2021 0:00;F37;OUT Correction;-110;TRUE;Paid out;TRUE;-100;OUT Correction;;
75335;1/1/2021 0:00;F37;OUT Correction;-50;TRUE;Paid out;TRUE;-100;OUT Correction;;
26380;1/1/2021 0:00;F37;OUT Correction;-150;TRUE;Paid out;TRUE;-100;OUT Correction;;
27260;1/1/2021 0:00;F37;OUT Correction;-10;TRUE;Paid out;TRUE;-100;OUT Correction;;
17624;1/1/2021 0:00;F37;OUT Correction;-160;TRUE;Paid out;TRUE;-100;OUT Correction;;
15413;1/1/2021 0:00;F37;OUT Correction;-50;TRUE;Paid out;TRUE;-100;OUT Correction;;
67577;1/1/2021 0:00;F37;OUT Correction;-120;TRUE;Paid out;TRUE;-100;OUT Correction;;
11038;1/1/2021 0:00;F37;OUT Correction;-60;TRUE;Paid out;TRUE;-100;OUT Correction;;
11422;1/1/2021 0:00;F37;OUT Correction;-50;TRUE;Paid out;TRUE;-100;OUT Correction;;
11890;1/1/2021 0:00;F37;OUT Correction;-40;TRUE;Paid out;TRUE;-100;OUT Correction;;
44135;1/1/2021 0:00;F37;OUT Correction;-90;TRUE;Paid out;TRUE;-100;OUT Correction;;
38411;1/1/2021 0:00;F37;OUT Correction;-100;TRUE;Paid out;TRUE;-100;OUT Correction;;
35477;1/1/2021 0:00;F37;OUT Correction;-140;TRUE;Paid out;TRUE;-100;OUT Correction;;
63469;1/1/2021 0:00;F37;OUT Correction;-160;TRUE;Paid out;TRUE;-100;OUT Correction;;
30429;1/1/2021 0:00;F37;OUT Correction;-140;TRUE;Paid out;TRUE;-100;OUT Correction;;
79133;1/1/2021 0:00;F37;OUT Correction;-100;TRUE;Paid out;TRUE;-100;OUT Correction;;
14671;1/1/2021 0:00;F37;OUT Correction;-180;TRUE;Paid out;TRUE;-100;OUT Correction;;
62351;1/1/2021 0:00;F37;OUT Correction;-10;TRUE;Paid out;TRUE;-100;OUT Correction;;
86165;1/1/2021 0:00;F37;OUT Correction;-150;TRUE;Paid out;TRUE;-100;OUT Correction;;
63420;1/1/2021 0:00;F37;OUT Correction;-130;TRUE;Paid out;TRUE;-100;OUT Correction;;
62179;1/1/2021 0:00;F37;OUT Correction;-10;TRUE;Paid out;TRUE;-100;OUT Correction;;
39600;1/1/2021 0:00;F37;OUT Correction;-120;TRUE;Paid out;TRUE;-100;OUT Correction;;
90455;1/1/2021 0:00;F37;OUT Correction;-160;TRUE;Paid out;TRUE;-100;OUT Correction;;
11934;1/1/2021 0:00;F37;OUT Correction;-50;TRUE;Paid out;TRUE;-100;OUT Correction;;
38673;1/1/2021 0:00;F37;OUT Correction;-10;TRUE;Paid out;TRUE;-100;OUT Correction;;
62496;1/1/2021 0:00;F37;OUT Correction;-30;TRUE;Paid out;TRUE;-100;OUT Correction;;
38744;1/1/2021 0:00;F37;OUT Correction;-130;TRUE;Paid out;TRUE;-100;OUT Correction;;
61607;1/1/2021 0:00;F37;OUT Correction;-160;TRUE;Paid out;TRUE;-100;OUT Correction;;
67590;1/1/2021 0:00;F37;OUT Correction;-80;TRUE;Paid out;TRUE;-100;OUT Correction;;
68233;1/1/2021 0:00;F37;OUT Correction;-120;TRUE;Paid out;TRUE;-100;OUT Correction;;
39516;1/1/2021 0:00;F37;OUT Correction;-120;TRUE;Paid out;TRUE;-100;OUT Correction;;
16432;1/1/2021 0:00;F37;OUT Correction;-120;TRUE;Paid out;TRUE;-100;OUT Correction;;
26460;1/1/2021 0:00;F37;OUT Correction;-90;TRUE;Paid out;TRUE;-100;OUT Correction;;
38140;1/1/2021 0:00;F37;OUT Correction;-140;TRUE;Paid out;TRUE;-100;OUT Correction;;
75676;1/1/2021 0:00;F37;OUT Correction;-110;TRUE;Paid out;TRUE;-100;OUT Correction;;
14676;1/1/2021 0:00;F37;OUT Correction;-50;TRUE;Paid out;TRUE;-100;OUT Correction;;
38421;1/1/2021 0:00;F37;OUT Correction;-130;TRUE;Paid out;TRUE;-100;OUT Correction;;
79754;1/1/2021 0:00;F37;OUT Correction;-80;TRUE;Paid out;TRUE;-100;OUT Correction;;
17397;1/1/2021 0:00;F37;OUT Correction;-120;TRUE;Paid out;TRUE;-100;OUT Correction;;
22262;1/1/2021 0:00;F37;OUT Correction;-10;TRUE;Paid out;TRUE;-100;OUT Correction;;
26794;1/1/2021 0:00;F37;OUT Correction;-140;TRUE;Paid out;TRUE;-100;OUT Correction;;
19665;1/1/2021 0:00;F37;OUT Correction;-50;TRUE;Paid out;TRUE;-100;OUT Correction;;
38404;1/1/2021 0:00;F37;OUT Correction;-90;TRUE;Paid out;TRUE;-100;OUT Correction;;
67261;1/1/2021 0:00;F37;OUT Correction;-30;TRUE;Paid out;TRUE;-100;OUT Correction;;
10577;1/1/2021 0:00;F37;OUT Correction;-150;TRUE;Paid out;TRUE;-100;OUT Correction;;
79711;1/1/2021 0:00;F37;OUT Correction;-60;TRUE;Paid out;TRUE;-100;OUT Correction;;
66095;1/1/2021 0:00;F37;OUT Correction;-20;TRUE;Paid out;TRUE;-100;OUT Correction;;
26419;1/1/2021 0:00;F37;OUT Correction;-80;TRUE;Paid out;TRUE;-100;OUT Correction;;
17100;1/1/2021 0:00;F37;OUT Correction;-80;TRUE;Paid out;TRUE;-100;OUT Correction;;
75485;1/1/2021 0:00;F37;OUT Correction;-90;TRUE;Paid out;TRUE;-100;OUT Correction;;
10567;1/1/2021 0:00;F37;OUT Correction;-100;TRUE;Paid out;TRUE;-100;OUT Correction;;
12439;1/1/2021 0:00;F37;OUT Correction;-20;TRUE;Paid out;TRUE;-100;OUT Correction;;
38712;1/1/2021 0:00;F37;OUT Correction;-40;TRUE;Paid out;TRUE;-100;OUT Correction;;
79613;1/1/2021 0:00;F37;OUT Correction;-110;TRUE;Paid out;TRUE;-100;OUT Correction;;
28792;1/1/2021 0:00;F37;OUT Correction;-10;TRUE;Paid out;TRUE;-100;OUT Correction;;
38139;1/1/2021 0:00;F37;OUT Correction;-70;TRUE;Paid out;TRUE;-100;OUT Correction;;
38678;1/1/2021 0:00;F37;OUT Correction;-50;TRUE;Paid out;TRUE;-100;OUT Correction;;
64413;1/1/2021 0:00;F37;OUT Correction;-100;TRUE;Paid out;TRUE;-100;OUT Correction;;
61843;1/1/2021 0:00;F37;OUT Correction;-10;TRUE;Paid out;TRUE;-100;OUT Correction;;
35857;1/1/2021 0:00;F37;OUT Correction;-100;TRUE;Paid out;TRUE;-100;OUT Correction;;
75413;1/1/2021 0:00;F37;OUT Correction;-110;TRUE;Paid out;TRUE;-100;OUT Correction;;
57391;1/1/2021 0:00;F37;OUT Correction;-120;TRUE;Paid out;TRUE;-100;OUT Correction;;
90459;1/1/2021 0:00;F37;OUT Correction;-150;TRUE;Paid out;TRUE;-100;OUT Correction;;
38938;1/1/2021 0:00;F37;OUT Correction;-150;TRUE;Paid out;TRUE;-100;OUT Correction;;
35589;1/1/2021 0:00;F37;OUT Correction;-120;TRUE;Paid out;TRUE;-100;OUT Correction;;
35511;1/1/2021 0:00;F37;OUT Correction;-120;TRUE;Paid out;TRUE;-100;OUT Correction;;
12237;1/1/2021 0:00;F37;OUT Correction;-40;TRUE;Paid out;TRUE;-100;OUT Correction;;
86304;1/1/2021 0:00;F37;OUT Correction;-120;TRUE;Paid out;TRUE;-100;OUT Correction;;
35333;1/1/2021 0:00;F37;OUT Correction;-80;TRUE;Paid out;TRUE;-100;OUT Correction;;
12485;1/1/2021 0:00;F37;OUT Correction;-90;TRUE;Paid out;TRUE;-100;OUT Correction;;
79132;1/1/2021 0:00;F37;OUT Correction;-110;TRUE;Paid out;TRUE;-100;OUT Correction;;
64915;1/1/2021 0:00;F37;OUT Correction;-160;TRUE;Paid out;TRUE;-100;OUT Correction;;
38183;1/1/2021 0:00;F37;OUT Correction;-30;TRUE;Paid out;TRUE;-100;OUT Correction;;
38381;1/1/2021 0:00;F37;OUT Correction;-10;TRUE;Paid out;TRUE;-100;OUT Correction;;
28610;1/1/2021 0:00;F37;OUT Correction;-90;TRUE;Paid out;TRUE;-100;OUT Correction;;
69045;1/1/2021 0:00;F37;OUT Correction;-100;TRUE;Paid out;TRUE;-100;OUT Correction;;
62573;1/1/2021 0:00;F37;OUT Correction;-150;TRUE;Paid out;TRUE;-100;OUT Correction;;
19005;1/1/2021 0:00;F37;OUT Correction;-50;TRUE;Paid out;TRUE;-100;OUT Correction;;
26713;1/1/2021 0:00;F37;OUT Correction;-130;TRUE;Paid out;TRUE;-100;OUT Correction;;
11719;1/1/2021 0:00;F37;OUT Correction;-120;TRUE;Paid out;TRUE;-100;OUT Correction;;
10744;1/1/2021 0:00;F37;OUT Correction;-110;TRUE;Paid out;TRUE;-100;OUT Correction;;
17613;1/1/2021 0:00;F37;OUT Correction;-170;TRUE;Paid out;TRUE;-100;OUT Correction;;
10962;1/1/2021 0:00;F37;OUT Correction;-90;TRUE;Paid out;TRUE;-100;OUT Correction;;
14803;1/1/2021 0:00;F37;OUT Correction;-120;TRUE;Paid out;TRUE;-100;OUT Correction;;
11863;1/1/2021 0:00;F37;OUT Correction;-20;TRUE;Paid out;TRUE;-100;OUT Correction;;
10801;1/1/2021 0:00;F37;OUT Correction;-10;TRUE;Paid out;TRUE;-100;OUT Correction;;
26404;1/1/2021 0:00;F37;OUT Correction;-50;TRUE;Paid out;TRUE;-100;OUT Correction;;
38362;1/1/2021 0:00;F37;OUT Correction;-90;TRUE;Paid out;TRUE;-100;OUT Correction;;
17623;1/1/2021 0:00;F37;OUT Correction;-120;TRUE;Paid out;TRUE;-100;OUT Correction;;
34504;1/1/2021 0:00;F37;OUT Correction;-10;TRUE;Paid out;TRUE;-100;OUT Correction;;
11829;1/1/2021 0:00;F37;OUT Correction;-20;TRUE;Paid out;TRUE;-100;OUT Correction;;
86301;1/1/2021 0:00;F37;OUT Correction;-90;TRUE;Paid out;TRUE;-100;OUT Correction;;
11685;1/1/2021 0:00;F37;OUT Correction;-10;TRUE;Paid out;TRUE;-100;OUT Correction;;
35197;1/1/2021 0:00;F37;OUT Correction;-130;TRUE;Paid out;TRUE;-100;OUT Correction;;
68670;1/1/2021 0:00;F37;OUT Correction;-60;TRUE;Paid out;TRUE;-100;OUT Correction;;
14909;1/1/2021 0:00;F37;OUT Correction;-40;TRUE;Paid out;TRUE;-100;OUT Correction;;
63963;1/1/2021 0:00;F37;OUT Correction;-120;TRUE;Paid out;TRUE;-100;OUT Correction;;
38689;1/1/2021 0:00;F37;OUT Correction;-100;TRUE;Paid out;TRUE;-100;OUT Correction;;
10946;1/1/2021 0:00;F37;OUT Correction;-60;TRUE;Paid out;TRUE;-100;OUT Correction;;
22765;1/1/2021 0:00;F37;OUT Correction;-110;TRUE;Paid out;TRUE;-100;OUT Correction;;
35467;1/1/2021 0:00;F37;OUT Correction;-130;TRUE;Paid out;TRUE;-100;OUT Correction;;
15459;1/1/2021 0:00;F37;OUT Correction;-50;TRUE;Paid out;TRUE;-100;OUT Correction;;
28571;1/1/2021 0:00;F37;OUT Correction;-90;TRUE;Paid out;TRUE;-100;OUT Correction;;
75677;1/1/2021 0:00;F37;OUT Correction;-110;TRUE;Paid out;TRUE;-100;OUT Correction;;
38005;1/1/2021 0:00;F37;OUT Correction;-110;TRUE;Paid out;TRUE;-100;OUT Correction;;
79756;1/1/2021 0:00;F37;OUT Correction;-110;TRUE;Paid out;TRUE;-100;OUT Correction;;
35283;1/1/2021 0:00;F37;OUT Correction;-10;TRUE;Paid out;TRUE;-100;OUT Correction;;
10979;1/1/2021 0:00;F37;OUT Correction;-20;TRUE;Paid out;TRUE;-100;OUT Correction;;
22241;1/1/2021 0:00;F37;OUT Correction;-10;TRUE;Paid out;TRUE;-100;OUT Correction;;
38483;1/1/2021 0:00;F37;OUT Correction;-120;TRUE;Paid out;TRUE;-100;OUT Correction;;
10775;1/1/2021 0:00;F37;OUT Correction;-40;TRUE;Paid out;TRUE;-100;OUT Correction;;
79624;1/1/2021 0:00;F37;OUT Correction;-110;TRUE;Paid out;TRUE;-100;OUT Correction;;
11832;1/1/2021 0:00;F37;OUT Correction;-80;TRUE;Paid out;TRUE;-100;OUT Correction;;
62529;1/1/2021 0:00;F37;OUT Correction;-120;TRUE;Paid out;TRUE;-100;OUT Correction;;
25185;1/1/2021 0:00;F37;OUT Correction;-130;TRUE;Paid out;TRUE;-100;OUT Correction;;
62473;1/1/2021 0:00;F37;OUT Correction;-150;TRUE;Paid out;TRUE;-100;OUT Correction;;
23163;1/1/2021 0:00;F37;OUT Correction;-90;TRUE;Paid out;TRUE;-100;OUT Correction;;
34374;1/1/2021 0:00;F37;OUT Correction;-150;TRUE;Paid out;TRUE;-100;OUT Correction;;
30372;1/1/2021 0:00;F37;OUT Correction;-20;TRUE;Paid out;TRUE;-100;OUT Correction;;
35768;1/1/2021 0:00;F37;OUT Correction;-40;TRUE;Paid out;TRUE;-100;OUT Correction;;
21723;1/1/2021 0:00;F37;OUT Correction;-160;TRUE;Paid out;TRUE;-100;OUT Correction;;
57392;1/1/2021 0:00;F37;OUT Correction;-120;TRUE;Paid out;TRUE;-100;OUT Correction;;
25718;1/1/2021 0:00;F37;OUT Correction;-70;TRUE;Paid out;TRUE;-100;OUT Correction;;
30420;1/1/2021 0:00;F37;OUT Correction;-150;TRUE;Paid out;TRUE;-100;OUT Correction;;
23001;1/1/2021 0:00;F37;OUT Correction;-140;TRUE;Paid out;TRUE;-100;OUT Correction;;
37296;1/1/2021 0:00;F37;OUT Correction;-30;TRUE;Paid out;TRUE;-100;OUT Correction;;
28659;1/1/2021 0:00;F37;OUT Correction;-40;TRUE;Paid out;TRUE;-100;OUT Correction;;
38743;1/1/2021 0:00;F37;OUT Correction;-120;TRUE;Paid out;TRUE;-100;OUT Correction;;
18939;1/1/2021 0:00;F37;OUT Correction;-120;TRUE;Paid out;TRUE;-100;OUT Correction;;
68444;1/1/2021 0:00;F37;OUT Correction;-150;TRUE;Paid out;TRUE;-100;OUT Correction;;
91350;1/1/2021 0:00;F37;OUT Correction;-90;TRUE;Paid out;TRUE;-100;OUT Correction;;
62515;1/1/2021 0:00;F37;OUT Correction;-160;TRUE;Paid out;TRUE;-100;OUT Correction;;
35611;1/1/2021 0:00;F37;OUT Correction;-10;TRUE;Paid out;TRUE;-100;OUT Correction;;
30412;1/1/2021 0:00;F37;OUT Correction;-10;TRUE;Paid out;TRUE;-100;OUT Correction;;
63933;1/1/2021 0:00;F37;OUT Correction;-120;TRUE;Paid out;TRUE;-100;OUT Correction;;
86682;1/1/2021 0:00;F37;OUT Correction;-160;TRUE;Paid out;TRUE;-100;OUT Correction;;
75433;1/1/2021 0:00;F37;OUT Correction;-110;TRUE;Paid out;TRUE;-100;OUT Correction;;
12742;1/1/2021 0:00;F37;OUT Correction;-40;TRUE;Paid out;TRUE;-100;OUT Correction;;
38447;1/1/2021 0:00;F37;OUT Correction;-100;TRUE;Paid out;TRUE;-100;OUT Correction;;
11826;1/1/2021 0:00;F37;OUT Correction;-100;TRUE;Paid out;TRUE;-100;OUT Correction;;
34692;1/1/2021 0:00;F37;OUT Correction;-20;TRUE;Paid out;TRUE;-100;OUT Correction;;
11851;1/1/2021 0:00;F37;OUT Correction;-90;TRUE;Paid out;TRUE;-100;OUT Correction;;
10866;1/1/2021 0:00;F37;OUT Correction;-110;TRUE;Paid out;TRUE;-100;OUT Correction;;
37733;1/1/2021 0:00;F37;OUT Correction;-160;TRUE;Paid out;TRUE;-100;OUT Correction;;
30373;1/1/2021 0:00;F37;OUT Correction;-160;TRUE;Paid out;TRUE;-100;OUT Correction;;
75418;1/1/2021 0:00;F37;OUT Correction;-110;TRUE;Paid out;TRUE;-100;OUT Correction;;
44764;1/1/2021 0:00;F37;OUT Correction;-100;TRUE;Paid out;TRUE;-100;OUT Correction;;
34396;1/1/2021 0:00;F37;OUT Correction;-130;TRUE;Paid out;TRUE;-100;OUT Correction;;
14521;1/1/2021 0:00;F37;OUT Correction;-120;TRUE;Paid out;TRUE;-100;OUT Correction;;
35931;1/1/2021 0:00;F37;OUT Correction;-150;TRUE;Paid out;TRUE;-100;OUT Correction;;
38352;1/1/2021 0:00;F37;OUT Correction;-40;TRUE;Paid out;TRUE;-100;OUT Correction;;
18938;1/1/2021 0:00;F37;OUT Correction;-90;TRUE;Paid out;TRUE;-100;OUT Correction;;
86330;1/1/2021 0:00;F37;OUT Correction;-140;TRUE;Paid out;TRUE;-100;OUT Correction;;
38003;1/1/2021 0:00;F37;OUT Correction;-130;TRUE;Paid out;TRUE;-100;OUT Correction;;
38680;1/1/2021 0:00;F37;OUT Correction;-200;TRUE;Paid out;TRUE;-100;OUT Correction;;
79621;1/1/2021 0:00;F37;OUT Correction;-50;TRUE;Paid out;TRUE;-100;OUT Correction;;
90450;1/1/2021 0:00;F37;OUT Correction;-150;TRUE;Paid out;TRUE;-100;OUT Correction;;
26584;1/1/2021 0:00;F37;OUT Correction;-130;TRUE;Paid out;TRUE;-100;OUT Correction;;
37837;1/1/2021 0:00;F37;OUT Correction;-120;TRUE;Paid out;TRUE;-100;OUT Correction;;
35883;1/1/2021 0:00;F37;OUT Correction;-120;TRUE;Paid out;TRUE;-100;OUT Correction;;
25303;1/1/2021 0:00;F37;OUT Correction;-60;TRUE;Paid out;TRUE;-100;OUT Correction;;
11938;1/1/2021 0:00;F37;OUT Correction;-120;TRUE;Paid out;TRUE;-100;OUT Correction;;
86319;1/1/2021 0:00;F37;OUT Correction;-90;TRUE;Paid out;TRUE;-100;OUT Correction;;
75350;1/1/2021 0:00;F37;OUT Correction;-70;TRUE;Paid out;TRUE;-100;OUT Correction;;
10725;1/1/2021 0:00;F37;OUT Correction;-10;TRUE;Paid out;TRUE;-100;OUT Correction;;
15545;1/1/2021 0:00;F37;OUT Correction;-80;TRUE;Paid out;TRUE;-100;OUT Correction;;
34846;1/1/2021 0:00;F37;OUT Correction;-120;TRUE;Paid out;TRUE;-100;OUT Correction;;
38733;1/1/2021 0:00;F37;OUT Correction;-120;TRUE;Paid out;TRUE;-100;OUT Correction;;
25738;1/1/2021 0:00;F37;OUT Correction;-140;TRUE;Paid out;TRUE;-100;OUT Correction;;
45148;1/1/2021 0:00;F37;OUT Correction;-110;TRUE;Paid out;TRUE;-100;OUT Correction;;
91301;1/1/2021 0:00;F37;OUT Correction;-150;TRUE;Paid out;TRUE;-100;OUT Correction;;
67937;1/1/2021 0:00;F37;OUT Correction;-20;TRUE;Paid out;TRUE;-100;OUT Correction;;
28651;1/1/2021 0:00;F37;OUT Correction;-10;TRUE;Paid out;TRUE;-100;OUT Correction;;
25798;1/1/2021 0:00;F37;OUT Correction;-130;TRUE;Paid out;TRUE;-100;OUT Correction;;
20641;1/1/2021 0:00;F37;OUT Correction;-20;TRUE;Paid out;TRUE;-100;OUT Correction;;
62532;1/1/2021 0:00;F37;OUT Correction;-140;TRUE;Paid out;TRUE;-100;OUT Correction;;
38487;1/1/2021 0:00;F37;OUT Correction;-20;TRUE;Paid out;TRUE;-100;OUT Correction;;
35366;1/1/2021 0:00;F37;OUT Correction;-130;TRUE;Paid out;TRUE;-100;OUT Correction;;
38465;1/1/2021 0:00;F37;OUT Correction;-20;TRUE;Paid out;TRUE;-100;OUT Correction;;
37212;1/1/2021 0:00;F37;OUT Correction;-60;TRUE;Paid out;TRUE;-100;OUT Correction;;
48601;1/1/2021 0:00;F37;OUT Correction;-80;TRUE;Paid out;TRUE;-100;OUT Correction;;
79620;1/1/2021 0:00;F37;OUT Correction;-110;TRUE;Paid out;TRUE;-100;OUT Correction;;
14452;1/1/2021 0:00;F37;OUT Correction;-120;TRUE;Paid out;TRUE;-100;OUT Correction;;
21406;1/1/2021 0:00;F37;OUT Correction;-30;TRUE;Paid out;TRUE;-100;OUT Correction;;
35777;1/1/2021 0:00;F37;OUT Correction;-120;TRUE;Paid out;TRUE;-100;OUT Correction;;
79757;1/1/2021 0:00;F37;OUT Correction;-100;TRUE;Paid out;TRUE;-100;OUT Correction;;
48475;1/1/2021 0:00;F37;OUT Correction;-110;TRUE;Paid out;TRUE;-100;OUT Correction;;
90458;1/1/2021 0:00;F37;OUT Correction;-80;TRUE;Paid out;TRUE;-100;OUT Correction;;
75925;1/1/2021 0:00;F37;OUT Correction;-100;TRUE;Paid out;TRUE;-100;OUT Correction;;
37863;1/1/2021 0:00;F37;OUT Correction;-50;TRUE;Paid out;TRUE;-100;OUT Correction;;
61647;1/1/2021 0:00;F37;OUT Correction;-110;TRUE;Paid out;TRUE;-100;OUT Correction;;
86163;1/1/2021 0:00;F37;OUT Correction;-150;TRUE;Paid out;TRUE;-100;OUT Correction;;
66741;1/1/2021 0:00;F37;OUT Correction;-170;TRUE;Paid out;TRUE;-100;OUT Correction;;
28779;1/1/2021 0:00;F37;OUT Correction;-90;TRUE;Paid out;TRUE;-100;OUT Correction;;
86442;1/1/2021 0:00;F37;OUT Correction;-160;TRUE;Paid out;TRUE;-100;OUT Correction;;
19157;1/1/2021 0:00;F37;OUT Correction;-60;TRUE;Paid out;TRUE;-100;OUT Correction;;
66763;1/1/2021 0:00;F37;OUT Correction;-20;TRUE;Paid out;TRUE;-100;OUT Correction;;
38500;1/1/2021 0:00;F37;OUT Correction;-140;TRUE;Paid out;TRUE;-100;OUT Correction;;
79617;1/1/2021 0:00;F37;OUT Correction;-20;TRUE;Paid out;TRUE;-100;OUT Correction;;
62477;1/1/2021 0:00;F37;OUT Correction;-110;TRUE;Paid out;TRUE;-100;OUT Correction;;
30428;1/1/2021 0:00;F37;OUT Correction;-120;TRUE;Paid out;TRUE;-100;OUT Correction;;
10756;1/1/2021 0:00;F37;OUT Correction;-50;TRUE;Paid out;TRUE;-100;OUT Correction;;
18959;1/1/2021 0:00;F37;OUT Correction;-100;TRUE;Paid out;TRUE;-100;OUT Correction;;
39514;1/1/2021 0:00;F37;OUT Correction;-100;TRUE;Paid out;TRUE;-100;OUT Correction;;
36159;1/1/2021 0:00;F37;OUT Correction;-60;TRUE;Paid out;TRUE;-100;OUT Correction;;
14799;1/1/2021 0:00;F37;OUT Correction;-10;TRUE;Paid out;TRUE;-100;OUT Correction;;
35615;1/1/2021 0:00;F37;OUT Correction;-130;TRUE;Paid out;TRUE;-100;OUT Correction;;
10145;1/1/2021 0:00;F37;OUT Correction;-110;TRUE;Paid out;TRUE;-100;OUT Correction;;
30380;1/1/2021 0:00;F37;OUT Correction;-10;TRUE;Paid out;TRUE;-100;OUT Correction;;
68448;1/1/2021 0:00;F37;OUT Correction;-170;TRUE;Paid out;TRUE;-100;OUT Correction;;
26390;1/1/2021 0:00;F37;OUT Correction;-140;TRUE;Paid out;TRUE;-100;OUT Correction;;
39515;1/1/2021 0:00;F37;OUT Correction;-130;TRUE;Paid out;TRUE;-100;OUT Correction;;
11960;1/1/2021 0:00;F37;OUT Correction;-20;TRUE;Paid out;TRUE;-100;OUT Correction;;
28607;1/1/2021 0:00;F37;OUT Correction;-140;TRUE;Paid out;TRUE;-100;OUT Correction;;
63597;1/1/2021 0:00;F37;OUT Correction;-20;TRUE;Paid out;TRUE;-100;OUT Correction;;
79131;1/1/2021 0:00;F37;OUT Correction;-100;TRUE;Paid out;TRUE;-100;OUT Correction;;
35699;1/1/2021 0:00;F37;OUT Correction;-10;TRUE;Paid out;TRUE;-100;OUT Correction;;
38141;1/1/2021 0:00;F37;OUT Correction;-10;TRUE;Paid out;TRUE;-100;OUT Correction;;
62490;1/1/2021 0:00;F37;OUT Correction;-10;TRUE;Paid out;TRUE;-100;OUT Correction;;
38434;1/1/2021 0:00;F37;OUT Correction;-70;TRUE;Paid out;TRUE;-100;OUT Correction;;
16151;1/1/2021 0:00;F37;OUT Correction;-60;TRUE;Paid out;TRUE;-100;OUT Correction;;
37929;1/1/2021 0:00;F37;OUT Correction;-30;TRUE;Paid out;TRUE;-100;OUT Correction;;
10587;1/1/2021 0:00;F37;OUT Correction;-180;TRUE;Paid out;TRUE;-100;OUT Correction;;
10140;1/1/2021 0:00;F37;OUT Correction;-110;TRUE;Paid out;TRUE;-100;OUT Correction;;
17815;1/1/2021 0:00;F37;OUT Correction;-120;TRUE;Paid out;TRUE;-100;OUT Correction;;
38732;1/1/2021 0:00;F37;OUT Correction;-30;TRUE;Paid out;TRUE;-100;OUT Correction;;
35024;1/1/2021 0:00;F37;OUT Correction;-160;TRUE;Paid out;TRUE;-100;OUT Correction;;
37642;1/1/2021 0:00;F37;OUT Correction;-10;TRUE;Paid out;TRUE;-100;OUT Correction;;
68424;1/1/2021 0:00;F37;OUT Correction;-160;TRUE;Paid out;TRUE;-100;OUT Correction;;
38379;1/1/2021 0:00;F37;OUT Correction;-160;TRUE;Paid out;TRUE;-100;OUT Correction;;
22947;1/1/2021 0:00;F37;OUT Correction;-10;TRUE;Paid out;TRUE;-100;OUT Correction;;
75680;1/1/2021 0:00;F37;OUT Correction;-110;TRUE;Paid out;TRUE;-100;OUT Correction;;
75414;1/1/2021 0:00;F37;OUT Correction;-100;TRUE;Paid out;TRUE;-100;OUT Correction;;
62555;1/1/2021 0:00;F37;OUT Correction;-40;TRUE;Paid out;TRUE;-100;OUT Correction;;
17612;1/1/2021 0:00;F37;OUT Correction;-50;TRUE;Paid out;TRUE;-100;OUT Correction;;
25637;1/1/2021 0:00;F37;OUT Correction;-150;TRUE;Paid out;TRUE;-100;OUT Correction;;
75672;1/1/2021 0:00;F37;OUT Correction;-100;TRUE;Paid out;TRUE;-100;OUT Correction;;
11520;1/1/2021 0:00;F37;OUT Correction;-110;TRUE;Paid out;TRUE;-100;OUT Correction;;
22858;1/1/2021 0:00;F37;OUT Correction;-110;TRUE;Paid out;TRUE;-100;OUT Correction;;
91373;1/1/2021 0:00;F37;OUT Correction;-150;TRUE;Paid out;TRUE;-100;OUT Correction;;
35554;1/1/2021 0:00;F37;OUT Correction;-40;TRUE;Paid out;TRUE;-100;OUT Correction;;
75679;1/1/2021 0:00;F37;OUT Correction;-50;TRUE;Paid out;TRUE;-100;OUT Correction;;
57384;1/1/2021 0:00;F37;OUT Correction;-130;TRUE;Paid out;TRUE;-100;OUT Correction;;
35173;1/1/2021 0:00;F37;OUT Correction;-10;TRUE;Paid out;TRUE;-100;OUT Correction;;
15920;1/1/2021 0:00;F37;OUT Correction;-80;TRUE;Paid out;TRUE;-100;OUT Correction;;
25262;1/1/2021 0:00;F37;OUT Correction;-130;TRUE;Paid out;TRUE;-100;OUT Correction;;
17112;1/1/2021 0:00;F37;OUT Correction;-110;TRUE;Paid out;TRUE;-100;OUT Correction;;
79762;1/1/2021 0:00;F37;OUT Correction;-110;TRUE;Paid out;TRUE;-100;OUT Correction;;
35815;1/1/2021 0:00;F37;OUT Correction;-10;TRUE;Paid out;TRUE;-100;OUT Correction;;
38189;1/1/2021 0:00;F37;OUT Correction;-60;TRUE;Paid out;TRUE;-100;OUT Correction;;
12723;1/1/2021 0:00;F37;OUT Correction;-80;TRUE;Paid out;TRUE;-100;OUT Correction;;
11598;1/1/2021 0:00;F37;OUT Correction;-60;TRUE;Paid out;TRUE;-100;OUT Correction;;
10316;1/1/2021 0:00;F37;OUT Correction;-20;TRUE;Paid out;TRUE;-100;OUT Correction;;
35687;1/1/2021 0:00;F37;OUT Correction;-130;TRUE;Paid out;TRUE;-100;OUT Correction;;
21676;1/1/2021 0:00;F37;OUT Correction;-190;TRUE;Paid out;TRUE;-100;OUT Correction;;
90452;1/1/2021 0:00;F37;OUT Correction;-150;TRUE;Paid out;TRUE;-100;OUT Correction;;
35676;1/1/2021 0:00;F37;OUT Correction;-20;TRUE;Paid out;TRUE;-100;OUT Correction;;
14724;1/1/2021 0:00;F37;OUT Correction;-120;TRUE;Paid out;TRUE;-100;OUT Correction;;
39620;1/1/2021 0:00;F37;OUT Correction;-140;TRUE;Paid out;TRUE;-100;OUT Correction;;
10916;1/1/2021 0:00;F37;OUT Correction;-40;TRUE;Paid out;TRUE;-100;OUT Correction;;
91300;1/1/2021 0:00;F37;OUT Correction;-140;TRUE;Paid out;TRUE;-100;OUT Correction;;
90471;1/1/2021 0:00;F37;OUT Correction;-150;TRUE;Paid out;TRUE;-100;OUT Correction;;
35107;1/1/2021 0:00;F37;OUT Correction;-50;TRUE;Paid out;TRUE;-100;OUT Correction;;
10728;1/1/2021 0:00;F37;OUT Correction;-50;TRUE;Paid out;TRUE;-100;OUT Correction;;
11648;1/1/2021 0:00;F37;OUT Correction;-50;TRUE;Paid out;TRUE;-100;OUT Correction;;
35452;1/1/2021 0:00;F37;OUT Correction;-140;TRUE;Paid out;TRUE;-100;OUT Correction;;
11382;1/1/2021 0:00;F37;OUT Correction;-50;TRUE;Paid out;TRUE;-100;OUT Correction;;
38266;1/1/2021 0:00;F37;OUT Correction;-20;TRUE;Paid out;TRUE;-100;OUT Correction;;
35941;1/1/2021 0:00;F37;OUT Correction;-20;TRUE;Paid out;TRUE;-100;OUT Correction;;
86439;1/1/2021 0:00;F37;OUT Correction;-120;TRUE;Paid out;TRUE;-100;OUT Correction;;
38011;1/1/2021 0:00;F37;OUT Correction;-130;TRUE;Paid out;TRUE;-100;OUT Correction;;
41784;1/1/2021 0:00;F37;OUT Correction;-110;TRUE;Paid out;TRUE;-100;OUT Correction;;
11072;1/1/2021 0:00;F37;OUT Correction;-110;TRUE;Paid out;TRUE;-100;OUT Correction;;
75660;1/1/2021 0:00;F37;OUT Correction;-120;TRUE;Paid out;TRUE;-100;OUT Correction;;
38671;1/1/2021 0:00;F37;OUT Correction;-150;TRUE;Paid out;TRUE;-100;OUT Correction;;
86159;1/1/2021 0:00;F37;OUT Correction;-150;TRUE;Paid out;TRUE;-100;OUT Correction;;
19917;1/1/2021 0:00;F37;OUT Correction;-60;TRUE;Paid out;TRUE;-100;OUT Correction;;
19606;1/1/2021 0:00;F37;OUT Correction;-40;TRUE;Paid out;TRUE;-100;OUT Correction;;
38772;1/1/2021 0:00;F37;OUT Correction;-120;TRUE;Paid out;TRUE;-100;OUT Correction;;
38068;1/1/2021 0:00;F37;OUT Correction;-20;TRUE;Paid out;TRUE;-100;OUT Correction;;
30378;1/1/2021 0:00;F37;OUT Correction;-150;TRUE;Paid out;TRUE;-100;OUT Correction;;
69868;1/1/2021 0:00;F37;OUT Correction;-160;TRUE;Paid out;TRUE;-100;OUT Correction;;
37620;1/1/2021 0:00;F37;OUT Correction;-160;TRUE;Paid out;TRUE;-100;OUT Correction;;
10874;1/1/2021 0:00;F37;OUT Correction;-20;TRUE;Paid out;TRUE;-100;OUT Correction;;
61608;1/1/2021 0:00;F37;OUT Correction;-120;TRUE;Paid out;TRUE;-100;OUT Correction;;
18964;1/1/2021 0:00;F37;OUT Correction;-50;TRUE;Paid out;TRUE;-100;OUT Correction;;
38482;1/1/2021 0:00;F37;OUT Correction;-10;TRUE;Paid out;TRUE;-100;OUT Correction;;
90448;1/1/2021 0:00;F37;OUT Correction;-80;TRUE;Paid out;TRUE;-100;OUT Correction;;
62361;1/1/2021 0:00;F37;OUT Correction;-160;TRUE;Paid out;TRUE;-100;OUT Correction;;
19505;1/1/2021 0:00;F37;OUT Correction;-130;TRUE;Paid out;TRUE;-100;OUT Correction;;
38010;1/1/2021 0:00;F37;OUT Correction;-70;TRUE;Paid out;TRUE;-100;OUT Correction;;
63530;1/1/2021 0:00;F37;OUT Correction;-20;TRUE;Paid out;TRUE;-100;OUT Correction;;
79616;1/1/2021 0:00;F37;OUT Correction;-40;TRUE;Paid out;TRUE;-100;OUT Correction;;
39098;1/1/2021 0:00;F37;OUT Correction;-90;TRUE;Paid out;TRUE;-100;OUT Correction;;
25399;1/1/2021 0:00;F37;OUT Correction;-130;TRUE;Paid out;TRUE;-100;OUT Correction;;
10123;1/1/2021 0:00;F37;OUT Correction;-40;TRUE;Paid out;TRUE;-100;OUT Correction;;
11134;1/1/2021 0:00;F37;OUT Correction;-120;TRUE;Paid out;TRUE;-100;OUT Correction;;
20676;1/1/2021 0:00;F37;OUT Correction;-150;TRUE;Paid out;TRUE;-100;OUT Correction;;
79759;1/1/2021 0:00;F37;OUT Correction;-110;TRUE;Paid out;TRUE;-100;OUT Correction;;
38423;1/1/2021 0:00;F37;OUT Correction;-200;TRUE;Paid out;TRUE;-100;OUT Correction;;
38341;1/1/2021 0:00;F37;OUT Correction;-30;TRUE;Paid out;TRUE;-100;OUT Correction;;
38698;1/1/2021 0:00;F37;OUT Correction;-80;TRUE;Paid out;TRUE;-100;OUT Correction;;
28021;1/1/2021 0:00;F37;OUT Correction;-200;TRUE;Paid out;TRUE;-100;OUT Correction;;
29713;1/1/2021 0:00;F37;OUT Correction;-120;TRUE;Paid out;TRUE;-100;OUT Correction;;
38488;1/1/2021 0:00;F37;OUT Correction;-80;TRUE;Paid out;TRUE;-100;OUT Correction;;
75656;1/1/2021 0:00;F37;OUT Correction;-100;TRUE;Paid out;TRUE;-100;OUT Correction;;
38696;1/1/2021 0:00;F37;OUT Correction;-90;TRUE;Paid out;TRUE;-100;OUT Correction;;
34856;1/1/2021 0:00;F37;OUT Correction;-110;TRUE;Paid out;TRUE;-100;OUT Correction;;
57403;1/1/2021 0:00;F37;OUT Correction;-80;TRUE;Paid out;TRUE;-100;OUT Correction;;
69882;1/1/2021 0:00;F37;OUT Correction;-10;TRUE;Paid out;TRUE;-100;OUT Correction;;
10960;1/1/2021 0:00;F37;OUT Correction;-30;TRUE;Paid out;TRUE;-100;OUT Correction;;
11835;1/1/2021 0:00;F37;OUT Correction;-130;TRUE;Paid out;TRUE;-100;OUT Correction;;
28844;1/1/2021 0:00;F37;OUT Correction;-140;TRUE;Paid out;TRUE;-100;OUT Correction;;
45739;1/1/2021 0:00;F37;OUT Correction;-30;TRUE;Paid out;TRUE;-100;OUT Correction;;
35591;1/1/2021 0:00;F37;OUT Correction;-100;TRUE;Paid out;TRUE;-100;OUT Correction;;
62492;1/1/2021 0:00;F37;OUT Correction;-20;TRUE;Paid out;TRUE;-100;OUT Correction;;
11029;1/1/2021 0:00;F37;OUT Correction;-30;TRUE;Paid out;TRUE;-100;OUT Correction;;
22481;1/1/2021 0:00;F37;OUT Correction;-70;TRUE;Paid out;TRUE;-100;OUT Correction;;
34620;1/1/2021 0:00;F37;OUT Correction;-10;TRUE;Paid out;TRUE;-100;OUT Correction;;
90453;1/1/2021 0:00;F37;OUT Correction;-160;TRUE;Paid out;TRUE;-100;OUT Correction;;
62071;1/1/2021 0:00;F37;OUT Correction;-10;TRUE;Paid out;TRUE;-100;OUT Correction;;
75922;1/1/2021 0:00;F37;OUT Correction;-100;TRUE;Paid out;TRUE;-100;OUT Correction;;
20656;1/1/2021 0:00;F37;OUT Correction;-140;TRUE;Paid out;TRUE;-100;OUT Correction;;
11677;1/1/2021 0:00;F37;OUT Correction;-30;TRUE;Paid out;TRUE;-100;OUT Correction;;
10665;1/1/2021 0:00;F37;OUT Correction;-40;TRUE;Paid out;TRUE;-100;OUT Correction;;
34986;1/1/2021 0:00;F37;OUT Correction;-200;TRUE;Paid out;TRUE;-100;OUT Correction;;
11213;1/1/2021 0:00;F37;OUT Correction;-20;TRUE;Paid out;TRUE;-100;OUT Correction;;
75657;1/1/2021 0:00;F37;OUT Correction;-40;TRUE;Paid out;TRUE;-100;OUT Correction;;
26472;1/1/2021 0:00;F37;OUT Correction;-130;TRUE;Paid out;TRUE;-100;OUT Correction;;
21954;1/1/2021 0:00;F37;OUT Correction;-160;TRUE;Paid out;TRUE;-100;OUT Correction;;
22491;1/1/2021 0:00;F37;OUT Correction;-130;TRUE;Paid out;TRUE;-100;OUT Correction;;
79610;1/1/2021 0:00;F37;OUT Correction;-100;TRUE;Paid out;TRUE;-100;OUT Correction;;
64363;1/1/2021 0:00;F37;OUT Correction;-40;TRUE;Paid out;TRUE;-100;OUT Correction;;
15447;1/1/2021 0:00;F37;OUT Correction;-30;TRUE;Paid out;TRUE;-100;OUT Correction;;
38187;1/1/2021 0:00;F37;OUT Correction;-20;TRUE;Paid out;TRUE;-100;OUT Correction;;
39151;1/1/2021 0:00;F37;OUT Correction;-20;TRUE;Paid out;TRUE;-100;OUT Correction;;
11102;1/1/2021 0:00;F37;OUT Correction;-40;TRUE;Paid out;TRUE;-100;OUT Correction;;
86222;1/1/2021 0:00;F37;OUT Correction;-50;TRUE;Paid out;TRUE;-100;OUT Correction;;
38147;1/1/2021 0:00;F37;OUT Correction;-200;TRUE;Paid out;TRUE;-100;OUT Correction;;
38917;1/1/2021 0:00;F37;OUT Correction;-130;TRUE;Paid out;TRUE;-100;OUT Correction;;
19487;1/1/2021 0:00;F37;OUT Correction;-40;TRUE;Paid out;TRUE;-100;OUT Correction;;
37994;1/1/2021 0:00;F37;OUT Correction;-200;TRUE;Paid out;TRUE;-100;OUT Correction;;
38440;1/1/2021 0:00;F37;OUT Correction;-110;TRUE;Paid out;TRUE;-100;OUT Correction;;
65716;1/1/2021 0:00;F37;OUT Correction;-140;TRUE;Paid out;TRUE;-100;OUT Correction;;
38758;1/1/2021 0:00;F37;OUT Correction;-130;TRUE;Paid out;TRUE;-100;OUT Correction;;
26709;1/1/2021 0:00;F37;OUT Correction;-130;TRUE;Paid out;TRUE;-100;OUT Correction;;
35493;1/1/2021 0:00;F37;OUT Correction;-150;TRUE;Paid out;TRUE;-100;OUT Correction;;
28814;1/1/2021 0:00;F37;OUT Correction;-80;TRUE;Paid out;TRUE;-100;OUT Correction;;
22903;1/1/2021 0:00;F37;OUT Correction;-110;TRUE;Paid out;TRUE;-100;OUT Correction;;
38004;1/1/2021 0:00;F37;OUT Correction;-110;TRUE;Paid out;TRUE;-100;OUT Correction;;
68095;1/1/2021 0:00;F37;OUT Correction;-130;TRUE;Paid out;TRUE;-100;OUT Correction;;
11269;1/1/2021 0:00;F37;OUT Correction;-40;TRUE;Paid out;TRUE;-100;OUT Correction;;
34220;1/1/2021 0:00;F37;OUT Correction;-130;TRUE;Paid out;TRUE;-100;OUT Correction;;
68178;1/1/2021 0:00;F37;OUT Correction;-30;TRUE;Paid out;TRUE;-100;OUT Correction;;
38497;1/1/2021 0:00;F37;OUT Correction;-120;TRUE;Paid out;TRUE;-100;OUT Correction;;
63401;1/1/2021 0:00;F37;OUT Correction;-10;TRUE;Paid out;TRUE;-100;OUT Correction;;
91377;1/1/2021 0:00;F37;OUT Correction;-150;TRUE;Paid out;TRUE;-100;OUT Correction;;
42811;1/1/2021 0:00;F37;OUT Correction;-110;TRUE;Paid out;TRUE;-100;OUT Correction;;
37298;1/1/2021 0:00;F37;OUT Correction;-50;TRUE;Paid out;TRUE;-100;OUT Correction;;
25745;1/1/2021 0:00;F37;OUT Correction;-130;TRUE;Paid out;TRUE;-100;OUT Correction;;
90472;1/1/2021 0:00;F37;OUT Correction;-160;TRUE;Paid out;TRUE;-100;OUT Correction;;
37992;1/1/2021 0:00;F37;OUT Correction;-130;TRUE;Paid out;TRUE;-100;OUT Correction;;
79130;1/1/2021 0:00;F37;OUT Correction;-110;TRUE;Paid out;TRUE;-100;OUT Correction;;
62521;1/1/2021 0:00;F37;OUT Correction;-10;TRUE;Paid out;TRUE;-100;OUT Correction;;
38687;1/1/2021 0:00;F37;OUT Correction;-70;TRUE;Paid out;TRUE;-100;OUT Correction;;
34955;1/1/2021 0:00;F37;OUT Correction;-20;TRUE;Paid out;TRUE;-100;OUT Correction;;
28106;1/1/2021 0:00;F37;OUT Correction;-120;TRUE;Paid out;TRUE;-100;OUT Correction;;
38484;1/1/2021 0:00;F37;OUT Correction;-120;TRUE;Paid out;TRUE;-100;OUT Correction;;
38344;1/1/2021 0:00;F37;OUT Correction;-30;TRUE;Paid out;TRUE;-100;OUT Correction;;
38185;1/1/2021 0:00;F37;OUT Correction;-20;TRUE;Paid out;TRUE;-100;OUT Correction;;
91376;1/1/2021 0:00;F37;OUT Correction;-140;TRUE;Paid out;TRUE;-100;OUT Correction;;
38914;1/1/2021 0:00;F37;OUT Correction;-90;TRUE;Paid out;TRUE;-100;OUT Correction;;
34803;1/1/2021 0:00;F37;OUT Correction;-160;TRUE;Paid out;TRUE;-100;OUT Correction;;
38181;1/1/2021 0:00;F37;OUT Correction;-20;TRUE;Paid out;TRUE;-100;OUT Correction;;
91375;1/1/2021 0:00;F37;OUT Correction;-150;TRUE;Paid out;TRUE;-100;OUT Correction;;
21569;1/1/2021 0:00;F37;OUT Correction;-140;TRUE;Paid out;TRUE;-100;OUT Correction;;
38739;1/1/2021 0:00;F37;OUT Correction;-110;TRUE;Paid out;TRUE;-100;OUT Correction;;
35765;1/1/2021 0:00;F37;OUT Correction;-120;TRUE;Paid out;TRUE;-100;OUT Correction;;
10983;1/1/2021 0:00;F37;OUT Correction;-20;TRUE;Paid out;TRUE;-100;OUT Correction;;
38363;1/1/2021 0:00;F37;OUT Correction;-50;TRUE;Paid out;TRUE;-100;OUT Correction;;
11888;1/1/2021 0:00;F37;OUT Correction;-10;TRUE;Paid out;TRUE;-100;OUT Correction;;
12632;1/1/2021 0:00;F37;OUT Correction;-30;TRUE;Paid out;TRUE;-100;OUT Correction;;
10886;1/1/2021 0:00;F37;OUT Correction;-20;TRUE;Paid out;TRUE;-100;OUT Correction;;
11564;1/1/2021 0:00;F37;OUT Correction;-100;TRUE;Paid out;TRUE;-100;OUT Correction;;
30422;1/1/2021 0:00;F37;OUT Correction;-40;TRUE;Paid out;TRUE;-100;OUT Correction;;
61869;1/1/2021 0:00;F37;OUT Correction;-30;TRUE;Paid out;TRUE;-100;OUT Correction;;
38167;1/1/2021 0:00;F37;OUT Correction;-30;TRUE;Paid out;TRUE;-100;OUT Correction;;
16741;1/1/2021 0:00;F37;OUT Correction;-80;TRUE;Paid out;TRUE;-100;OUT Correction;;
19395;1/1/2021 0:00;F37;OUT Correction;-50;TRUE;Paid out;TRUE;-100;OUT Correction;;
62466;1/1/2021 0:00;F37;OUT Correction;-10;TRUE;Paid out;TRUE;-100;OUT Correction;;
30430;1/1/2021 0:00;F37;OUT Correction;-160;TRUE;Paid out;TRUE;-100;OUT Correction;;
11941;1/1/2021 0:00;F37;OUT Correction;-60;TRUE;Paid out;TRUE;-100;OUT Correction;;
38754;1/1/2021 0:00;F37;OUT Correction;-120;TRUE;Paid out;TRUE;-100;OUT Correction;;
38956;1/1/2021 0:00;F37;OUT Correction;-150;TRUE;Paid out;TRUE;-100;OUT Correction;;
34470;1/1/2021 0:00;F37;OUT Correction;-60;TRUE;Paid out;TRUE;-100;OUT Correction;;
35740;1/1/2021 0:00;F37;OUT Correction;-10;TRUE;Paid out;TRUE;-100;OUT Correction;;
86300;1/1/2021 0:00;F37;OUT Correction;-110;TRUE;Paid out;TRUE;-100;OUT Correction;;
38439;1/1/2021 0:00;F37;OUT Correction;-20;TRUE;Paid out;TRUE;-100;OUT Correction;;
28838;1/1/2021 0:00;F37;OUT Correction;-150;TRUE;Paid out;TRUE;-100;OUT Correction;;
11705;1/1/2021 0:00;F37;OUT Correction;-100;TRUE;Paid out;TRUE;-100;OUT Correction;;
79758;1/1/2021 0:00;F37;OUT Correction;-110;TRUE;Paid out;TRUE;-100;OUT Correction;;
75671;1/1/2021 0:00;F37;OUT Correction;-100;TRUE;Paid out;TRUE;-100;OUT Correction;;
19398;1/1/2021 0:00;F37;OUT Correction;-60;TRUE;Paid out;TRUE;-100;OUT Correction;;
11270;1/1/2021 0:00;F37;OUT Correction;-40;TRUE;Paid out;TRUE;-100;OUT Correction;;
63895;1/1/2021 0:00;F37;OUT Correction;-110;TRUE;Paid out;TRUE;-100;OUT Correction;;
10818;1/1/2021 0:00;F37;OUT Correction;-120;TRUE;Paid out;TRUE;-100;OUT Correction;;
39990;1/1/2021 0:00;F37;OUT Correction;-160;TRUE;Paid out;TRUE;-100;OUT Correction;;
28769;1/1/2021 0:00;F37;OUT Correction;-130;TRUE;Paid out;TRUE;-100;OUT Correction;;
86438;1/1/2021 0:00;F37;OUT Correction;-150;TRUE;Paid out;TRUE;-100;OUT Correction;;
90460;1/1/2021 0:00;F37;OUT Correction;-150;TRUE;Paid out;TRUE;-100;OUT Correction;;
35119;1/1/2021 0:00;F37;OUT Correction;-80;TRUE;Paid out;TRUE;-100;OUT Correction;;
38504;1/1/2021 0:00;F37;OUT Correction;-160;TRUE;Paid out;TRUE;-100;OUT Correction;;
22411;1/1/2021 0:00;F37;OUT Correction;-200;TRUE;Paid out;TRUE;-100;OUT Correction;;
35910;1/1/2021 0:00;F37;OUT Correction;-120;TRUE;Paid out;TRUE;-100;OUT Correction;;
38412;1/1/2021 0:00;F37;OUT Correction;-160;TRUE;Paid out;TRUE;-100;OUT Correction;;
37844;1/1/2021 0:00;F37;OUT Correction;-200;TRUE;Paid out;TRUE;-100;OUT Correction;;
38113;1/1/2021 0:00;F37;OUT Correction;-10;TRUE;Paid out;TRUE;-100;OUT Correction;;
90457;1/1/2021 0:00;F37;OUT Correction;-150;TRUE;Paid out;TRUE;-100;OUT Correction;;
17083;1/1/2021 0:00;F37;OUT Correction;-110;TRUE;Paid out;TRUE;-100;OUT Correction;;
19401;1/1/2021 0:00;F37;OUT Correction;-100;TRUE;Paid out;TRUE;-100;OUT Correction;;
79797;1/1/2021 0:00;F37;OUT Correction;-110;TRUE;Paid out;TRUE;-100;OUT Correction;;
75534;1/1/2021 0:00;F37;OUT Correction;-110;TRUE;Paid out;TRUE;-100;OUT Correction;;
13425;1/1/2021 0:00;F37;OUT Correction;-20;TRUE;Paid out;TRUE;-100;OUT Correction;;
63457;1/1/2021 0:00;F37;OUT Correction;-30;TRUE;Paid out;TRUE;-100;OUT Correction;;
11099;1/1/2021 0:00;F37;OUT Correction;-60;TRUE;Paid out;TRUE;-100;OUT Correction;;
38424;1/1/2021 0:00;F37;OUT Correction;-130;TRUE;Paid out;TRUE;-100;OUT Correction;;
41790;1/1/2021 0:00;F37;OUT Correction;-110;TRUE;Paid out;TRUE;-100;OUT Correction;;
75510;1/1/2021 0:00;F37;OUT Correction;-100;TRUE;Paid out;TRUE;-100;OUT Correction;;
36100;1/1/2021 0:00;F37;OUT Correction;-10;TRUE;Paid out;TRUE;-100;OUT Correction;;
14846;1/1/2021 0:00;F37;OUT Correction;-120;TRUE;Paid out;TRUE;-100;OUT Correction;;
75439;1/1/2021 0:00;F37;OUT Correction;-90;TRUE;Paid out;TRUE;-100;OUT Correction;;
11841;1/1/2021 0:00;F37;OUT Correction;-50;TRUE;Paid out;TRUE;-100;OUT Correction;;
35596;1/1/2021 0:00;F37;OUT Correction;-20;TRUE;Paid out;TRUE;-100;OUT Correction;;
14418;1/1/2021 0:00;F37;OUT Correction;-20;TRUE;Paid out;TRUE;-100;OUT Correction;;
86303;1/1/2021 0:00;F37;OUT Correction;-150;TRUE;Paid out;TRUE;-100;OUT Correction;;
30375;1/1/2021 0:00;F37;OUT Correction;-10;TRUE;Paid out;TRUE;-100;OUT Correction;;
86329;1/1/2021 0:00;F37;OUT Correction;-150;TRUE;Paid out;TRUE;-100;OUT Correction;;
21525;1/1/2021 0:00;F37;OUT Correction;-60;TRUE;Paid out;TRUE;-100;OUT Correction;;
38937;1/1/2021 0:00;F37;OUT Correction;-120;TRUE;Paid out;TRUE;-100;OUT Correction;;
19334;1/1/2021 0:00;F37;OUT Correction;-50;TRUE;Paid out;TRUE;-100;OUT Correction;;
38740;1/1/2021 0:00;F37;OUT Correction;-30;TRUE;Paid out;TRUE;-100;OUT Correction;;
12676;1/1/2021 0:00;F37;OUT Correction;-50;TRUE;Paid out;TRUE;-100;OUT Correction;;
76024;1/1/2021 0:00;F37;OUT Correction;-180;TRUE;Paid out;TRUE;-100;OUT Correction;;
64737;1/1/2021 0:00;F37;OUT Correction;-10;TRUE;Paid out;TRUE;-100;OUT Correction;;
86305;1/1/2021 0:00;F37;OUT Correction;-150;TRUE;Paid out;TRUE;-100;OUT Correction;;
75353;1/1/2021 0:00;F37;OUT Correction;-60;TRUE;Paid out;TRUE;-100;OUT Correction;;
38499;1/1/2021 0:00;F37;OUT Correction;-70;TRUE;Paid out;TRUE;-100;OUT Correction;;
75502;1/1/2021 0:00;F37;OUT Correction;-110;TRUE;Paid out;TRUE;-100;OUT Correction;;
13734;1/1/2021 0:00;F37;OUT Correction;-30;TRUE;Paid out;TRUE;-100;OUT Correction;;
26790;1/1/2021 0:00;F37;OUT Correction;-80;TRUE;Paid out;TRUE;-100;OUT Correction;;
48575;1/1/2021 0:00;F37;OUT Correction;-10;TRUE;Paid out;TRUE;-100;OUT Correction;;
90454;1/1/2021 0:00;F37;OUT Correction;-150;TRUE;Paid out;TRUE;-100;OUT Correction;;
34764;1/1/2021 0:00;F37;OUT Correction;-90;TRUE;Paid out;TRUE;-100;OUT Correction;;
38665;1/1/2021 0:00;F37;OUT Correction;-120;TRUE;Paid out;TRUE;-100;OUT Correction;;
69881;1/1/2021 0:00;F37;OUT Correction;-40;TRUE;Paid out;TRUE;-100;OUT Correction;;
12766;1/1/2021 0:00;F37;OUT Correction;-60;TRUE;Paid out;TRUE;-100;OUT Correction;;
17106;1/1/2021 0:00;F37;OUT Correction;-50;TRUE;Paid out;TRUE;-100;OUT Correction;;
37695;1/1/2021 0:00;F37;OUT Correction;-10;TRUE;Paid out;TRUE;-100;OUT Correction;;
19956;1/1/2021 0:00;F37;OUT Correction;-100;TRUE;Paid out;TRUE;-100;OUT Correction;;
35321;1/1/2021 0:00;F37;OUT Correction;-150;TRUE;Paid out;TRUE;-100;OUT Correction;;
64790;1/1/2021 0:00;F37;OUT Correction;-160;TRUE;Paid out;TRUE;-100;OUT Correction;;
10541;1/1/2021 0:00;F37;OUT Correction;-40;TRUE;Paid out;TRUE;-100;OUT Correction;;
34796;1/1/2021 0:00;F37;OUT Correction;-120;TRUE;Paid out;TRUE;-100;OUT Correction;;
38762;1/1/2021 0:00;F37;OUT Correction;-160;TRUE;Paid out;TRUE;-100;OUT Correction;;
17102;1/1/2021 0:00;F37;OUT Correction;-20;TRUE;Paid out;TRUE;-100;OUT Correction;;
30385;1/1/2021 0:00;F37;OUT Correction;-100;TRUE;Paid out;TRUE;-100;OUT Correction;;
38474;1/1/2021 0:00;F37;OUT Correction;-130;TRUE;Paid out;TRUE;-100;OUT Correction;;
37622;1/1/2021 0:00;F37;OUT Correction;-110;TRUE;Paid out;TRUE;-100;OUT Correction;;
24193;1/1/2021 0:00;F37;OUT Correction;-100;TRUE;Paid out;TRUE;-100;OUT Correction;;
19194;1/1/2021 0:00;F37;OUT Correction;-120;TRUE;Paid out;TRUE;-100;OUT Correction;;
38410;1/1/2021 0:00;F37;OUT Correction;-130;TRUE;Paid out;TRUE;-100;OUT Correction;;
10373;1/1/2021 0:00;F37;OUT Correction;-50;TRUE;Paid out;TRUE;-100;OUT Correction;;
11884;1/1/2021 0:00;F37;OUT Correction;-90;TRUE;Paid out;TRUE;-100;OUT Correction;;
26880;1/1/2021 0:00;F37;OUT Correction;-140;TRUE;Paid out;TRUE;-100;OUT Correction;;
25246;1/1/2021 0:00;F37;OUT Correction;-130;TRUE;Paid out;TRUE;-100;OUT Correction;;
30432;1/1/2021 0:00;F37;OUT Correction;-100;TRUE;Paid out;TRUE;-100;OUT Correction;;
11588;1/1/2021 0:00;F37;OUT Correction;-70;TRUE;Paid out;TRUE;-100;OUT Correction;;
22722;1/1/2021 0:00;F37;OUT Correction;-100;TRUE;Paid out;TRUE;-100;OUT Correction;;
66300;1/1/2021 0:00;F37;OUT Correction;-40;TRUE;Paid out;TRUE;-100;OUT Correction;;
37463;1/1/2021 0:00;F37;OUT Correction;-130;TRUE;Paid out;TRUE;-100;OUT Correction;;
38958;1/1/2021 0:00;F37;OUT Correction;-120;TRUE;Paid out;TRUE;-100;OUT Correction;;
86223;1/1/2021 0:00;F37;OUT Correction;-150;TRUE;Paid out;TRUE;-100;OUT Correction;;
39965;1/1/2021 0:00;F37;OUT Correction;-150;TRUE;Paid out;TRUE;-100;OUT Correction;;
37836;1/1/2021 0:00;F37;OUT Correction;-80;TRUE;Paid out;TRUE;-100;OUT Correction;;
38007;1/1/2021 0:00;F37;OUT Correction;-120;TRUE;Paid out;TRUE;-100;OUT Correction;;
39991;1/1/2021 0:00;F37;OUT Correction;-160;TRUE;Paid out;TRUE;-100;OUT Correction;;
14616;1/1/2021 0:00;F37;OUT Correction;-140;TRUE;Paid out;TRUE;-100;OUT Correction;;
38640;1/1/2021 0:00;F37;OUT Correction;-90;TRUE;Paid out;TRUE;-100;OUT Correction;;
21065;1/1/2021 0:00;F37;OUT Correction;-80;TRUE;Paid out;TRUE;-100;OUT Correction;;
34084;1/1/2021 0:00;F37;OUT Correction;-150;TRUE;Paid out;TRUE;-100;OUT Correction;;
38682;1/1/2021 0:00;F37;OUT Correction;-80;TRUE;Paid out;TRUE;-100;OUT Correction;;
19996;1/1/2021 0:00;F37;OUT Correction;-30;TRUE;Paid out;TRUE;-100;OUT Correction;;
11153;1/1/2021 0:00;F37;OUT Correction;-60;TRUE;Paid out;TRUE;-100;OUT Correction;;
34838;1/1/2021 0:00;F37;OUT Correction;-120;TRUE;Paid out;TRUE;-100;OUT Correction;;
38416;1/1/2021 0:00;F37;OUT Correction;-10;TRUE;Paid out;TRUE;-100;OUT Correction;;
25622;1/1/2021 0:00;F37;OUT Correction;-60;TRUE;Paid out;TRUE;-100;OUT Correction;;
90451;1/1/2021 0:00;F37;OUT Correction;-60;TRUE;Paid out;TRUE;-100;OUT Correction;;
38382;1/1/2021 0:00;F37;OUT Correction;-10;TRUE;Paid out;TRUE;-100;OUT Correction;;
38755;1/1/2021 0:00;F37;OUT Correction;-130;TRUE;Paid out;TRUE;-100;OUT Correction;;
79626;1/1/2021 0:00;F37;OUT Correction;-110;TRUE;Paid out;TRUE;-100;OUT Correction;;
30370;1/1/2021 0:00;F37;OUT Correction;-20;TRUE;Paid out;TRUE;-100;OUT Correction;;
34378;1/1/2021 0:00;F37;OUT Correction;-130;TRUE;Paid out;TRUE;-100;OUT Correction;;
23759;1/1/2021 0:00;F37;OUT Correction;-70;TRUE;Paid out;TRUE;-100;OUT Correction;;
11721;1/1/2021 0:00;F37;OUT Correction;-40;TRUE;Paid out;TRUE;-100;OUT Correction;;
26532;1/1/2021 0:00;F37;OUT Correction;-140;TRUE;Paid out;TRUE;-100;OUT Correction;;
38746;1/1/2021 0:00;F37;OUT Correction;-120;TRUE;Paid out;TRUE;-100;OUT Correction;;
38705;1/1/2021 0:00;F37;OUT Correction;-130;TRUE;Paid out;TRUE;-100;OUT Correction;;
21512;1/1/2021 0:00;F37;OUT Correction;-110;TRUE;Paid out;TRUE;-100;OUT Correction;;
28657;1/1/2021 0:00;F37;OUT Correction;-10;TRUE;Paid out;TRUE;-100;OUT Correction;;
28771;1/1/2021 0:00;F37;OUT Correction;-150;TRUE;Paid out;TRUE;-100;OUT Correction;;
11145;1/1/2021 0:00;F37;OUT Correction;-50;TRUE;Paid out;TRUE;-100;OUT Correction;;
19178;1/1/2021 0:00;F37;OUT Correction;-200;TRUE;Paid out;TRUE;-100;OUT Correction;;
20881;1/1/2021 0:00;F37;OUT Correction;-30;TRUE;Paid out;TRUE;-100;OUT Correction;;
36045;1/1/2021 0:00;F37;OUT Correction;-150;TRUE;Paid out;TRUE;-100;OUT Correction;;
30423;1/1/2021 0:00;F37;OUT Correction;-150;TRUE;Paid out;TRUE;-100;OUT Correction;;
10789;1/1/2021 0:00;F37;OUT Correction;-120;TRUE;Paid out;TRUE;-100;OUT Correction;;
79611;1/1/2021 0:00;F37;OUT Correction;-50;TRUE;Paid out;TRUE;-100;OUT Correction;;
30383;1/1/2021 0:00;F37;OUT Correction;-10;TRUE;Paid out;TRUE;-100;OUT Correction;;
38463;1/1/2021 0:00;F37;OUT Correction;-150;TRUE;Paid out;TRUE;-100;OUT Correction;;
29866;1/1/2021 0:00;F37;OUT Correction;-120;TRUE;Paid out;TRUE;-100;OUT Correction;;
21175;1/1/2021 0:00;F37;OUT Correction;-150;TRUE;Paid out;TRUE;-100;OUT Correction;;
63535;1/1/2021 0:00;F37;OUT Correction;-170;TRUE;Paid out;TRUE;-100;OUT Correction;;
10893;1/1/2021 0:00;F37;OUT Correction;-20;TRUE;Paid out;TRUE;-100;OUT Correction;;
44236;1/1/2021 0:00;F37;OUT Correction;-30;TRUE;Paid out;TRUE;-100;OUT Correction;;
25799;1/1/2021 0:00;F37;OUT Correction;-150;TRUE;Paid out;TRUE;-100;OUT Correction;;
10283;1/1/2021 0:00;F37;OUT Correction;-50;TRUE;Paid out;TRUE;-100;OUT Correction;;
34509;1/1/2021 0:00;F37;OUT Correction;-10;TRUE;Paid out;TRUE;-100;OUT Correction;;
66897;1/1/2021 0:00;F37;OUT Correction;-10;TRUE;Paid out;TRUE;-100;OUT Correction;;
38960;1/1/2021 0:00;F37;OUT Correction;-90;TRUE;Paid out;TRUE;-100;OUT Correction;;
62054;1/1/2021 0:00;F37;OUT Correction;-10;TRUE;Paid out;TRUE;-100;OUT Correction;;
79615;1/1/2021 0:00;F37;OUT Correction;-50;TRUE;Paid out;TRUE;-100;OUT Correction;;
75351;1/1/2021 0:00;F37;OUT Correction;-20;TRUE;Paid out;TRUE;-100;OUT Correction;;
38485;1/1/2021 0:00;F37;OUT Correction;-10;TRUE;Paid out;TRUE;-100;OUT Correction;;
35327;1/1/2021 0:00;F37;OUT Correction;-130;TRUE;Paid out;TRUE;-100;OUT Correction;;
38767;1/1/2021 0:00;F37;OUT Correction;-80;TRUE;Paid out;TRUE;-100;OUT Correction;;
35347;1/1/2021 0:00;F37;OUT Correction;-120;TRUE;Paid out;TRUE;-100;OUT Correction;;
90447;1/1/2021 0:00;F37;OUT Correction;-150;TRUE;Paid out;TRUE;-100;OUT Correction;;
26436;1/1/2021 0:00;F37;OUT Correction;-60;TRUE;Paid out;TRUE;-100;OUT Correction;;
17114;1/1/2021 0:00;F37;OUT Correction;-70;TRUE;Paid out;TRUE;-100;OUT Correction;;
63349;1/1/2021 0:00;F37;OUT Correction;-20;TRUE;Paid out;TRUE;-100;OUT Correction;;
79625;1/1/2021 0:00;F37;OUT Correction;-110;TRUE;Paid out;TRUE;-100;OUT Correction;;
39861;1/1/2021 0:00;F37;OUT Correction;-160;TRUE;Paid out;TRUE;-100;OUT Correction;;
11942;1/1/2021 0:00;F37;OUT Correction;-50;TRUE;Paid out;TRUE;-100;OUT Correction;;
35339;1/1/2021 0:00;F37;OUT Correction;-140;TRUE;Paid out;TRUE;-100;OUT Correction;;
30431;1/1/2021 0:00;F37;OUT Correction;-130;TRUE;Paid out;TRUE;-100;OUT Correction;;
38174;1/1/2021 0:00;F37;OUT Correction;-40;TRUE;Paid out;TRUE;-100;OUT Correction;;
35476;1/1/2021 0:00;F37;OUT Correction;-20;TRUE;Paid out;TRUE;-100;OUT Correction;;
30376;1/1/2021 0:00;F37;OUT Correction;-150;TRUE;Paid out;TRUE;-100;OUT Correction;;
69885;1/1/2021 0:00;F37;OUT Correction;-140;TRUE;Paid out;TRUE;-100;OUT Correction;;
18920;1/1/2021 0:00;F37;OUT Correction;-160;TRUE;Paid out;TRUE;-100;OUT Correction;;
11720;1/1/2021 0:00;F37;OUT Correction;-110;TRUE;Paid out;TRUE;-100;OUT Correction;;
11799;1/1/2021 0:00;F37;OUT Correction;-120;TRUE;Paid out;TRUE;-100;OUT Correction;;
10200;1/1/2021 0:00;F37;OUT Correction;-110;TRUE;Paid out;TRUE;-100;OUT Correction;;
35009;1/1/2021 0:00;F37;OUT Correction;-60;TRUE;Paid out;TRUE;-100;OUT Correction;;
15472;1/1/2021 0:00;F37;OUT Correction;-50;TRUE;Paid out;TRUE;-100;OUT Correction;;
17539;1/1/2021 0:00;F37;OUT Correction;-80;TRUE;Paid out;TRUE;-100;OUT Correction;;
28813;1/1/2021 0:00;F37;OUT Correction;-150;TRUE;Paid out;TRUE;-100;OUT Correction;;
62322;1/1/2021 0:00;F37;OUT Correction;-150;TRUE;Paid out;TRUE;-100;OUT Correction;;
34668;1/1/2021 0:00;F37;OUT Correction;-200;TRUE;Paid out;TRUE;-100;OUT Correction;;
25389;1/1/2021 0:00;F37;OUT Correction;-110;TRUE;Paid out;TRUE;-100;OUT Correction;;
38939;1/1/2021 0:00;F37;OUT Correction;-160;TRUE;Paid out;TRUE;-100;OUT Correction;;
62507;1/1/2021 0:00;F37;OUT Correction;-20;TRUE;Paid out;TRUE;-100;OUT Correction;;
75655;1/1/2021 0:00;F37;OUT Correction;-100;TRUE;Paid out;TRUE;-100;OUT Correction;;
38727;1/1/2021 0:00;F37;OUT Correction;-120;TRUE;Paid out;TRUE;-100;OUT Correction;;
37185;1/1/2021 0:00;F37;OUT Correction;-30;TRUE;Paid out;TRUE;-100;OUT Correction;;
44203;1/1/2021 0:00;F37;OUT Correction;-110;TRUE;Paid out;TRUE;-100;OUT Correction;;
14549;1/1/2021 0:00;F37;OUT Correction;-10;TRUE;Paid out;TRUE;-100;OUT Correction;;
34583;1/1/2021 0:00;F37;OUT Correction;-130;TRUE;Paid out;TRUE;-100;OUT Correction;;
38738;1/1/2021 0:00;F37;OUT Correction;-80;TRUE;Paid out;TRUE;-100;OUT Correction;;
15320;1/1/2021 0:00;F37;OUT Correction;-50;TRUE;Paid out;TRUE;-100;OUT Correction;;
79619;1/1/2021 0:00;F37;OUT Correction;-110;TRUE;Paid out;TRUE;-100;OUT Correction;;
91345;1/1/2021 0:00;F37;OUT Correction;-150;TRUE;Paid out;TRUE;-100;OUT Correction;;
57401;1/1/2021 0:00;F37;OUT Correction;-90;TRUE;Paid out;TRUE;-100;OUT Correction;;
38267;1/1/2021 0:00;F37;OUT Correction;-40;TRUE;Paid out;TRUE;-100;OUT Correction;;
65088;1/1/2021 0:00;F37;OUT Correction;-70;TRUE;Paid out;TRUE;-100;OUT Correction;;
21464;1/1/2021 0:00;F37;OUT Correction;-90;TRUE;Paid out;TRUE;-100;OUT Correction;;
15226;1/1/2021 0:00;F37;OUT Correction;-40;TRUE;Paid out;TRUE;-100;OUT Correction;;
38451;1/1/2021 0:00;F37;OUT Correction;-120;TRUE;Paid out;TRUE;-100;OUT Correction;;
16106;1/1/2021 0:00;F37;OUT Correction;-80;TRUE;Paid out;TRUE;-100;OUT Correction;;
38409;1/1/2021 0:00;F37;OUT Correction;-130;TRUE;Paid out;TRUE;-100;OUT Correction;;
62348;1/1/2021 0:00;F37;OUT Correction;-160;TRUE;Paid out;TRUE;-100;OUT Correction;;
90449;1/1/2021 0:00;F37;OUT Correction;-150;TRUE;Paid out;TRUE;-100;OUT Correction;;
36093;1/1/2021 0:00;F37;OUT Correction;-10;TRUE;Paid out;TRUE;-100;OUT Correction;;
21492;1/1/2021 0:00;F37;OUT Correction;-100;TRUE;Paid out;TRUE;-100;OUT Correction;;
35536;1/1/2021 0:00;F37;OUT Correction;-130;TRUE;Paid out;TRUE;-100;OUT Correction;;
22475;1/1/2021 0:00;F37;OUT Correction;-140;TRUE;Paid out;TRUE;-100;OUT Correction;;
37299;1/1/2021 0:00;F37;OUT Correction;-100;TRUE;Paid out;TRUE;-100;OUT Correction;;
25746;1/1/2021 0:00;F37;OUT Correction;-130;TRUE;Paid out;TRUE;-100;OUT Correction;;
75673;1/1/2021 0:00;F37;OUT Correction;-100;TRUE;Paid out;TRUE;-100;OUT Correction;;
22963;1/1/2021 0:00;F37;OUT Correction;-110;TRUE;Paid out;TRUE;-100;OUT Correction;;
11910;1/1/2021 0:00;F37;OUT Correction;-110;TRUE;Paid out;TRUE;-100;OUT Correction;;
26457;1/1/2021 0:00;F37;OUT Correction;-130;TRUE;Paid out;TRUE;-100;OUT Correction;;
86676;1/1/2021 0:00;F37;OUT Correction;-90;TRUE;Paid out;TRUE;-100;OUT Correction;;
25189;1/1/2021 0:00;F37;OUT Correction;-130;TRUE;Paid out;TRUE;-100;OUT Correction;;
11859;1/1/2021 0:00;F37;OUT Correction;-30;TRUE;Paid out;TRUE;-100;OUT Correction;;
35732;1/1/2021 0:00;F37;OUT Correction;-110;TRUE;Paid out;TRUE;-100;OUT Correction;;
10991;1/1/2021 0:00;F37;OUT Correction;-50;TRUE;Paid out;TRUE;-100;OUT Correction;;
38661;1/1/2021 0:00;F37;OUT Correction;-170;TRUE;Paid out;TRUE;-100;OUT Correction;;
62360;1/1/2021 0:00;F37;OUT Correction;-160;TRUE;Paid out;TRUE;-100;OUT Correction;;
38364;1/1/2021 0:00;F37;OUT Correction;-30;TRUE;Paid out;TRUE;-100;OUT Correction;;
66405;1/1/2021 0:00;F37;OUT Correction;-10;TRUE;Paid out;TRUE;-100;OUT Correction;;
34225;1/1/2021 0:00;F37;OUT Correction;-130;TRUE;Paid out;TRUE;-100;OUT Correction;;
17099;1/1/2021 0:00;F37;OUT Correction;-100;TRUE;Paid out;TRUE;-100;OUT Correction;;
79129;1/1/2021 0:00;F37;OUT Correction;-110;TRUE;Paid out;TRUE;-100;OUT Correction;;
37704;1/1/2021 0:00;F37;OUT Correction;-50;TRUE;Paid out;TRUE;-100;OUT Correction;;
38351;1/1/2021 0:00;F37;OUT Correction;-20;TRUE;Paid out;TRUE;-100;OUT Correction;;
34707;1/1/2021 0:00;F37;OUT Correction;-120;TRUE;Paid out;TRUE;-100;OUT Correction;;
35837;1/1/2021 0:00;F37;OUT Correction;-120;TRUE;Paid out;TRUE;-100;OUT Correction;;
10158;1/1/2021 0:00;F37;OUT Correction;-50;TRUE;Paid out;TRUE;-100;OUT Correction;;
17109;1/1/2021 0:00;F37;OUT Correction;-60;TRUE;Paid out;TRUE;-100;OUT Correction;;
69874;1/1/2021 0:00;F37;OUT Correction;-20;TRUE;Paid out;TRUE;-100;OUT Correction;;
14878;1/1/2021 0:00;F37;OUT Correction;-100;TRUE;Paid out;TRUE;-100;OUT Correction;;
22701;1/1/2021 0:00;F37;OUT Correction;-90;TRUE;Paid out;TRUE;-100;OUT Correction;;
75924;1/1/2021 0:00;F37;OUT Correction;-80;TRUE;Paid out;TRUE;-100;OUT Correction;;
28787;1/1/2021 0:00;F37;OUT Correction;-10;TRUE;Paid out;TRUE;-100;OUT Correction;;
35207;1/1/2021 0:00;F37;OUT Correction;-40;TRUE;Paid out;TRUE;-100;OUT Correction;;
38734;1/1/2021 0:00;F37;OUT Correction;-90;TRUE;Paid out;TRUE;-100;OUT Correction;;
34604;1/1/2021 0:00;F37;OUT Correction;-90;TRUE;Paid out;TRUE;-100;OUT Correction;;
75923;1/1/2021 0:00;F37;OUT Correction;-100;TRUE;Paid out;TRUE;-100;OUT Correction;;
38660;1/1/2021 0:00;F37;OUT Correction;-90;TRUE;Paid out;TRUE;-100;OUT Correction;;
75334;1/1/2021 0:00;F37;OUT Correction;-110;TRUE;Paid out;TRUE;-100;OUT Correction;;
11065;1/1/2021 0:00;F37;OUT Correction;-20;TRUE;Paid out;TRUE;-100;OUT Correction;;
57407;1/1/2021 0:00;F37;OUT Correction;-110;TRUE;Paid out;TRUE;-100;OUT Correction;;
10779;1/1/2021 0:00;F37;OUT Correction;-50;TRUE;Paid out;TRUE;-100;OUT Correction;;
13915;1/1/2021 0:00;F37;OUT Correction;-60;TRUE;Paid out;TRUE;-100;OUT Correction;;
12355;1/1/2021 0:00;F37;OUT Correction;-70;TRUE;Paid out;TRUE;-100;OUT Correction;;
12079;1/1/2021 0:00;F37;OUT Correction;-100;TRUE;Paid out;TRUE;-100;OUT Correction;;
17879;1/1/2021 0:00;F37;OUT Correction;-140;TRUE;Paid out;TRUE;-100;OUT Correction;;
10127;1/1/2021 0:00;F37;OUT Correction;-110;TRUE;Paid out;TRUE;-100;OUT Correction;;
75678;1/1/2021 0:00;F37;OUT Correction;-110;TRUE;Paid out;TRUE;-100;OUT Correction;;
68404;1/1/2021 0:00;F37;OUT Correction;-20;TRUE;Paid out;TRUE;-100;OUT Correction;;
11175;1/1/2021 0:00;F37;OUT Correction;-30;TRUE;Paid out;TRUE;-100;OUT Correction;;
35470;1/1/2021 0:00;F37;OUT Correction;-150;TRUE;Paid out;TRUE;-100;OUT Correction;;
11750;1/1/2021 0:00;F37;OUT Correction;-120;TRUE;Paid out;TRUE;-100;OUT Correction;;
29670;1/1/2021 0:00;F37;OUT Correction;-110;TRUE;Paid out;TRUE;-100;OUT Correction;;
21222;1/1/2021 0:00;F37;OUT Correction;-140;TRUE;Paid out;TRUE;-100;OUT Correction;;
79612;1/1/2021 0:00;F37;OUT Correction;-100;TRUE;Paid out;TRUE;-100;OUT Correction;;
15483;1/1/2021 0:00;F37;OUT Correction;-50;TRUE;Paid out;TRUE;-100;OUT Correction;;
13451;1/1/2021 0:00;F37;OUT Correction;-40;TRUE;Paid out;TRUE;-100;OUT Correction;;
69875;1/1/2021 0:00;F37;OUT Correction;-10;TRUE;Paid out;TRUE;-100;OUT Correction;;
62225;1/1/2021 0:00;F37;OUT Correction;-120;TRUE;Paid out;TRUE;-100;OUT Correction;;
37521;1/1/2021 0:00;F37;OUT Correction;-150;TRUE;Paid out;TRUE;-100;OUT Correction;;
14754;1/1/2021 0:00;F37;OUT Correction;-120;TRUE;Paid out;TRUE;-100;OUT Correction;;
11970;1/1/2021 0:00;F37;OUT Correction;-130;TRUE;Paid out;TRUE;-100;OUT Correction;;
17880;1/1/2021 0:00;F37;OUT Correction;-20;TRUE;Paid out;TRUE;-100;OUT Correction;;
15462;1/1/2021 0:00;F37;OUT Correction;-120;TRUE;Paid out;TRUE;-100;OUT Correction;;
22728;1/1/2021 0:00;F37;OUT Correction;-60;TRUE;Paid out;TRUE;-100;OUT Correction;;
79128;1/1/2021 0:00;F37;OUT Correction;-40;TRUE;Paid out;TRUE;-100;OUT Correction;;
22532;1/1/2021 0:00;F37;OUT Correction;-70;TRUE;Paid out;TRUE;-100;OUT Correction;;
39168;1/1/2021 0:00;F37;OUT Correction;-100;TRUE;Paid out;TRUE;-100;OUT Correction;;
10220;1/1/2021 0:00;F37;OUT Correction;-150;TRUE;Paid out;TRUE;-100;OUT Correction;;
23002;1/1/2021 0:00;F37;OUT Correction;-40;TRUE;Paid out;TRUE;-100;OUT Correction;;
34819;1/1/2021 0:00;F37;OUT Correction;-130;TRUE;Paid out;TRUE;-100;OUT Correction;;
39877;1/1/2021 0:00;F37;OUT Correction;-130;TRUE;Paid out;TRUE;-100;OUT Correction;;
48839;1/1/2021 0:00;F37;OUT Correction;-80;TRUE;Paid out;TRUE;-100;OUT Correction;;
62353;1/1/2021 0:00;F37;OUT Correction;-20;TRUE;Paid out;TRUE;-100;OUT Correction;;
38652;1/1/2021 0:00;F37;OUT Correction;-100;TRUE;Paid out;TRUE;-100;OUT Correction;;
36061;1/1/2021 0:00;F37;OUT Correction;-10;TRUE;Paid out;TRUE;-100;OUT Correction;;
10944;1/1/2021 0:00;F37;OUT Correction;-10;TRUE;Paid out;TRUE;-100;OUT Correction;;
21696;1/1/2021 0:00;F37;OUT Correction;-120;TRUE;Paid out;TRUE;-100;OUT Correction;;
34464;1/1/2021 0:00;F37;OUT Correction;-10;TRUE;Paid out;TRUE;-100;OUT Correction;;
39601;1/1/2021 0:00;F37;OUT Correction;-10;TRUE;Paid out;TRUE;-100;OUT Correction;;
37623;1/1/2021 0:00;F37;OUT Correction;-60;TRUE;Paid out;TRUE;-100;OUT Correction;;
11250;1/1/2021 0:00;F37;OUT Correction;-30;TRUE;Paid out;TRUE;-100;OUT Correction;;
35606;1/1/2021 0:00;F37;OUT Correction;-130;TRUE;Paid out;TRUE;-100;OUT Correction;;
57406;1/1/2021 0:00;F37;OUT Correction;-130;TRUE;Paid out;TRUE;-100;OUT Correction;;
38684;1/1/2021 0:00;F37;OUT Correction;-150;TRUE;Paid out;TRUE;-100;OUT Correction;;
35715;1/1/2021 0:00;F37;OUT Correction;-20;TRUE;Paid out;TRUE;-100;OUT Correction;;
64779;1/1/2021 0:00;F37;OUT Correction;-120;TRUE;Paid out;TRUE;-100;OUT Correction;;
17717;1/1/2021 0:00;F37;OUT Correction;-60;TRUE;Paid out;TRUE;-100;OUT Correction;;
26353;1/1/2021 0:00;F37;OUT Correction;-130;TRUE;Paid out;TRUE;-100;OUT Correction;;
35858;1/1/2021 0:00;F37;OUT Correction;-130;TRUE;Paid out;TRUE;-100;OUT Correction;;
79761;1/1/2021 0:00;F37;OUT Correction;-110;TRUE;Paid out;TRUE;-100;OUT Correction;;
66169;1/1/2021 0:00;F37;OUT Correction;-120;TRUE;Paid out;TRUE;-100;OUT Correction;;
24143;1/1/2021 0:00;F37;OUT Correction;-10;TRUE;Paid out;TRUE;-100;OUT Correction;;
11143;1/1/2021 0:00;F37;OUT Correction;-30;TRUE;Paid out;TRUE;-100;OUT Correction;;
66378;1/1/2021 0:00;F37;OUT Correction;-60;TRUE;Paid out;TRUE;-100;OUT Correction;;
26336;1/1/2021 0:00;F37;OUT Correction;-110;TRUE;Paid out;TRUE;-100;OUT Correction;;
28007;1/1/2021 0:00;F37;OUT Correction;-150;TRUE;Paid out;TRUE;-100;OUT Correction;;
38415;1/1/2021 0:00;F37;OUT Correction;-140;TRUE;Paid out;TRUE;-100;OUT Correction;;
68118;1/1/2021 0:00;F37;OUT Correction;-20;TRUE;Paid out;TRUE;-100;OUT Correction;;
21112;1/1/2021 0:00;F37;OUT Correction;-150;TRUE;Paid out;TRUE;-100;OUT Correction;;
67936;1/1/2021 0:00;F37;OUT Correction;-110;TRUE;Paid out;TRUE;-100;OUT Correction;;
25600;1/1/2021 0:00;F37;OUT Correction;-130;TRUE;Paid out;TRUE;-100;OUT Correction;;
37857;1/1/2021 0:00;F37;OUT Correction;-50;TRUE;Paid out;TRUE;-100;OUT Correction;;
75919;1/1/2021 0:00;F37;OUT Correction;-100;TRUE;Paid out;TRUE;-100;OUT Correction;;
79842;1/1/2021 0:00;F37;OUT Correction;-110;TRUE;Paid out;TRUE;-100;OUT Correction;;
48327;1/1/2021 0:00;F37;OUT Correction;-70;TRUE;Paid out;TRUE;-100;OUT Correction;;
86143;1/1/2021 0:00;F37;OUT Correction;-150;TRUE;Paid out;TRUE;-100;OUT Correction;;
28006;1/1/2021 0:00;F37;OUT Correction;-60;TRUE;Paid out;TRUE;-100;OUT Correction;;
38498;1/1/2021 0:00;F37;OUT Correction;-130;TRUE;Paid out;TRUE;-100;OUT Correction;;
35187;1/1/2021 0:00;F37;OUT Correction;-20;TRUE;Paid out;TRUE;-100;OUT Correction;;
28777;1/1/2021 0:00;F37;OUT Correction;-140;TRUE;Paid out;TRUE;-100;OUT Correction;;
34726;1/1/2021 0:00;F37;OUT Correction;-20;TRUE;Paid out;TRUE;-100;OUT Correction;;
57617;1/1/2021 0:00;F37;OUT Correction;-120;TRUE;Paid out;TRUE;-100;OUT Correction;;
37272;1/1/2021 0:00;F37;OUT Correction;-10;TRUE;Paid out;TRUE;-100;OUT Correction;;
22865;1/1/2021 0:00;F37;OUT Correction;-50;TRUE;Paid out;TRUE;-100;OUT Correction;;
62420;1/1/2021 0:00;F37;OUT Correction;-120;TRUE;Paid out;TRUE;-100;OUT Correction;;
38717;1/1/2021 0:00;F37;OUT Correction;-130;TRUE;Paid out;TRUE;-100;OUT Correction;;
49898;1/1/2021 0:00;F37;OUT Correction;-140;TRUE;Paid out;TRUE;-100;OUT Correction;;
