21233;1/1/2023 00:00;VA1;IN Correction;4200;TRUE;Corr. VA1 Entitlement;TRUE;100;IN Entitlement;;
69907;1/1/2023 00:00;VA1;IN Correction;4200;TRUE;Corr. VA1 Entitlement;TRUE;100;IN Entitlement;;
30605;1/1/2023 00:00;VA1;IN Correction;4200;TRUE;Corr. VA1 Entitlement;TRUE;100;IN Entitlement;;
91638;1/1/2023 00:00;VA1;IN Correction;4200;TRUE;Corr. VA1 Entitlement;TRUE;100;IN Entitlement;;
94857;1/1/2023 00:00;VA1;IN Correction;4200;TRUE;Corr. VA1 Entitlement;TRUE;100;IN Entitlement;;
94858;1/1/2023 00:00;VA1;IN Correction;4200;TRUE;Corr. VA1 Entitlement;TRUE;100;IN Entitlement;;
94865;1/1/2023 00:00;VA1;IN Correction;4200;TRUE;Corr. VA1 Entitlement;TRUE;100;IN Entitlement;;
94925;1/1/2023 00:00;VA1;IN Correction;4200;TRUE;Corr. VA1 Entitlement;TRUE;100;IN Entitlement;;
94982;1/1/2023 00:00;VA1;IN Correction;4200;TRUE;Corr. VA1 Entitlement;TRUE;100;IN Entitlement;;
94987;1/1/2023 00:00;VA1;IN Correction;4200;TRUE;Corr. VA1 Entitlement;TRUE;100;IN Entitlement;;
95012;1/1/2023 00:00;VA1;IN Correction;4200;TRUE;Corr. VA1 Entitlement;TRUE;100;IN Entitlement;;
95045;1/1/2023 00:00;VA1;IN Correction;4200;TRUE;Corr. VA1 Entitlement;TRUE;100;IN Entitlement;;
95046;1/1/2023 00:00;VA1;IN Correction;4200;TRUE;Corr. VA1 Entitlement;TRUE;100;IN Entitlement;;
95047;1/1/2023 00:00;VA1;IN Correction;4200;TRUE;Corr. VA1 Entitlement;TRUE;100;IN Entitlement;;
95049;1/1/2023 00:00;VA1;IN Correction;4200;TRUE;Corr. VA1 Entitlement;TRUE;100;IN Entitlement;;
95052;1/1/2023 00:00;VA1;IN Correction;4200;TRUE;Corr. VA1 Entitlement;TRUE;100;IN Entitlement;;
95054;1/1/2023 00:00;VA1;IN Correction;4200;TRUE;Corr. VA1 Entitlement;TRUE;100;IN Entitlement;;
95072;1/1/2023 00:00;VA1;IN Correction;4200;TRUE;Corr. VA1 Entitlement;TRUE;100;IN Entitlement;;
95073;1/1/2023 00:00;VA1;IN Correction;4200;TRUE;Corr. VA1 Entitlement;TRUE;100;IN Entitlement;;
95094;1/1/2023 00:00;VA1;IN Correction;4200;TRUE;Corr. VA1 Entitlement;TRUE;100;IN Entitlement;;
95097;1/1/2023 00:00;VA1;IN Correction;4200;TRUE;Corr. VA1 Entitlement;TRUE;100;IN Entitlement;;
95098;1/1/2023 00:00;VA1;IN Correction;4200;TRUE;Corr. VA1 Entitlement;TRUE;100;IN Entitlement;;
95099;1/1/2023 00:00;VA1;IN Correction;4200;TRUE;Corr. VA1 Entitlement;TRUE;100;IN Entitlement;;
95113;1/1/2023 00:00;VA1;IN Correction;4200;TRUE;Corr. VA1 Entitlement;TRUE;100;IN Entitlement;;
95126;1/1/2023 00:00;VA1;IN Correction;4200;TRUE;Corr. VA1 Entitlement;TRUE;100;IN Entitlement;;
95149;1/1/2023 00:00;VA1;IN Correction;4200;TRUE;Corr. VA1 Entitlement;TRUE;100;IN Entitlement;;
95150;1/1/2023 00:00;VA1;IN Correction;4200;TRUE;Corr. VA1 Entitlement;TRUE;100;IN Entitlement;;
95171;1/1/2023 00:00;VA1;IN Correction;4200;TRUE;Corr. VA1 Entitlement;TRUE;100;IN Entitlement;;
95183;1/1/2023 00:00;VA1;IN Correction;4200;TRUE;Corr. VA1 Entitlement;TRUE;100;IN Entitlement;;
95200;1/1/2023 00:00;VA1;IN Correction;4200;TRUE;Corr. VA1 Entitlement;TRUE;100;IN Entitlement;;
95216;1/1/2023 00:00;VA1;IN Correction;4200;TRUE;Corr. VA1 Entitlement;TRUE;100;IN Entitlement;;
95217;1/1/2023 00:00;VA1;IN Correction;4200;TRUE;Corr. VA1 Entitlement;TRUE;100;IN Entitlement;;
95218;1/1/2023 00:00;VA1;IN Correction;4200;TRUE;Corr. VA1 Entitlement;TRUE;100;IN Entitlement;;
95269;1/1/2023 00:00;VA1;IN Correction;4200;TRUE;Corr. VA1 Entitlement;TRUE;100;IN Entitlement;;
95273;1/1/2023 00:00;VA1;IN Correction;4200;TRUE;Corr. VA1 Entitlement;TRUE;100;IN Entitlement;;
95315;1/1/2023 00:00;VA1;IN Correction;4200;TRUE;Corr. VA1 Entitlement;TRUE;100;IN Entitlement;;
95317;1/1/2023 00:00;VA1;IN Correction;4200;TRUE;Corr. VA1 Entitlement;TRUE;100;IN Entitlement;;
95364;1/1/2023 00:00;VA1;IN Correction;4200;TRUE;Corr. VA1 Entitlement;TRUE;100;IN Entitlement;;
95381;1/1/2023 00:00;VA1;IN Correction;4200;TRUE;Corr. VA1 Entitlement;TRUE;100;IN Entitlement;;
95389;1/1/2023 00:00;VA1;IN Correction;4200;TRUE;Corr. VA1 Entitlement;TRUE;100;IN Entitlement;;
95411;1/1/2023 00:00;VA1;IN Correction;4200;TRUE;Corr. VA1 Entitlement;TRUE;100;IN Entitlement;;
95412;1/1/2023 00:00;VA1;IN Correction;4200;TRUE;Corr. VA1 Entitlement;TRUE;100;IN Entitlement;;
95421;1/1/2023 00:00;VA1;IN Correction;4200;TRUE;Corr. VA1 Entitlement;TRUE;100;IN Entitlement;;
95430;1/1/2023 00:00;VA1;IN Correction;4200;TRUE;Corr. VA1 Entitlement;TRUE;100;IN Entitlement;;
95441;1/1/2023 00:00;VA1;IN Correction;4200;TRUE;Corr. VA1 Entitlement;TRUE;100;IN Entitlement;;
95463;1/1/2023 00:00;VA1;IN Correction;4200;TRUE;Corr. VA1 Entitlement;TRUE;100;IN Entitlement;;
95464;1/1/2023 00:00;VA1;IN Correction;4200;TRUE;Corr. VA1 Entitlement;TRUE;100;IN Entitlement;;
95490;1/1/2023 00:00;VA1;IN Correction;4200;TRUE;Corr. VA1 Entitlement;TRUE;100;IN Entitlement;;
95515;1/1/2023 00:00;VA1;IN Correction;4200;TRUE;Corr. VA1 Entitlement;TRUE;100;IN Entitlement;;
95516;1/1/2023 00:00;VA1;IN Correction;4200;TRUE;Corr. VA1 Entitlement;TRUE;100;IN Entitlement;;
95517;1/1/2023 00:00;VA1;IN Correction;4200;TRUE;Corr. VA1 Entitlement;TRUE;100;IN Entitlement;;
95531;1/1/2023 00:00;VA1;IN Correction;4200;TRUE;Corr. VA1 Entitlement;TRUE;100;IN Entitlement;;
34483;1/1/2023 00:00;VA1;IN Correction;4100;TRUE;Corr. VA1 Entitlement;TRUE;100;IN Entitlement;;
43816;1/1/2023 00:00;VA1;IN Correction;4000;TRUE;Corr. VA1 Entitlement;TRUE;100;IN Entitlement;;
91309;1/1/2023 00:00;VA1;IN Correction;4000;TRUE;Corr. VA1 Entitlement;TRUE;100;IN Entitlement;;
91673;1/1/2023 00:00;VA1;IN Correction;4000;TRUE;Corr. VA1 Entitlement;TRUE;100;IN Entitlement;;
94804;1/1/2023 00:00;VA1;IN Correction;4000;TRUE;Corr. VA1 Entitlement;TRUE;100;IN Entitlement;;
94883;1/1/2023 00:00;VA1;IN Correction;4000;TRUE;Corr. VA1 Entitlement;TRUE;100;IN Entitlement;;
94979;1/1/2023 00:00;VA1;IN Correction;4000;TRUE;Corr. VA1 Entitlement;TRUE;100;IN Entitlement;;
63524;1/1/2023 00:00;VA1;IN Correction;3900;TRUE;Corr. VA1 Entitlement;TRUE;100;IN Entitlement;;
25862;1/1/2023 00:00;VA1;IN Correction;3900;TRUE;Corr. VA1 Entitlement;TRUE;100;IN Entitlement;;
94536;1/1/2023 00:00;VA1;IN Correction;3700;TRUE;Corr. VA1 Entitlement;TRUE;100;IN Entitlement;;
94579;1/1/2023 00:00;VA1;IN Correction;3700;TRUE;Corr. VA1 Entitlement;TRUE;100;IN Entitlement;;
94659;1/1/2023 00:00;VA1;IN Correction;3700;TRUE;Corr. VA1 Entitlement;TRUE;100;IN Entitlement;;
94732;1/1/2023 00:00;VA1;IN Correction;3700;TRUE;Corr. VA1 Entitlement;TRUE;100;IN Entitlement;;
94537;1/1/2023 00:00;VA1;IN Correction;3600;TRUE;Corr. VA1 Entitlement;TRUE;100;IN Entitlement;;
94538;1/1/2023 00:00;VA1;IN Correction;3600;TRUE;Corr. VA1 Entitlement;TRUE;100;IN Entitlement;;
94556;1/1/2023 00:00;VA1;IN Correction;3600;TRUE;Corr. VA1 Entitlement;TRUE;100;IN Entitlement;;
94575;1/1/2023 00:00;VA1;IN Correction;3600;TRUE;Corr. VA1 Entitlement;TRUE;100;IN Entitlement;;
94594;1/1/2023 00:00;VA1;IN Correction;3600;TRUE;Corr. VA1 Entitlement;TRUE;100;IN Entitlement;;
94609;1/1/2023 00:00;VA1;IN Correction;3600;TRUE;Corr. VA1 Entitlement;TRUE;100;IN Entitlement;;
94610;1/1/2023 00:00;VA1;IN Correction;3600;TRUE;Corr. VA1 Entitlement;TRUE;100;IN Entitlement;;
94648;1/1/2023 00:00;VA1;IN Correction;3600;TRUE;Corr. VA1 Entitlement;TRUE;100;IN Entitlement;;
94673;1/1/2023 00:00;VA1;IN Correction;3600;TRUE;Corr. VA1 Entitlement;TRUE;100;IN Entitlement;;
94702;1/1/2023 00:00;VA1;IN Correction;3600;TRUE;Corr. VA1 Entitlement;TRUE;100;IN Entitlement;;
94731;1/1/2023 00:00;VA1;IN Correction;3600;TRUE;Corr. VA1 Entitlement;TRUE;100;IN Entitlement;;
93761;1/1/2023 00:00;VA1;IN Correction;3500;TRUE;Corr. VA1 Entitlement;TRUE;100;IN Entitlement;;
93637;1/1/2023 00:00;VA1;IN Correction;3300;TRUE;Corr. VA1 Entitlement;TRUE;100;IN Entitlement;;
30964;1/1/2023 00:00;VA1;IN Correction;2600;TRUE;Corr. VA1 Entitlement;TRUE;100;IN Entitlement;;
93413;1/1/2023 00:00;VA1;IN Correction;2500;TRUE;Corr. VA1 Entitlement;TRUE;100;IN Entitlement;;
93436;1/1/2023 00:00;VA1;IN Correction;2500;TRUE;Corr. VA1 Entitlement;TRUE;100;IN Entitlement;;
53269;1/1/2023 00:00;VA1;IN Correction;2500;TRUE;Corr. VA1 Entitlement;TRUE;100;IN Entitlement;;
65717;1/1/2023 00:00;VA1;IN Correction;2300;TRUE;Corr. VA1 Entitlement;TRUE;100;IN Entitlement;;
93251;1/1/2023 00:00;VA1;IN Correction;2300;TRUE;Corr. VA1 Entitlement;TRUE;100;IN Entitlement;;
36115;1/1/2023 00:00;VA1;IN Correction;2200;TRUE;Corr. VA1 Entitlement;TRUE;100;IN Entitlement;;
30815;1/1/2023 00:00;VA1;IN Correction;2200;TRUE;Corr. VA1 Entitlement;TRUE;100;IN Entitlement;;
28964;1/1/2023 00:00;VA1;IN Correction;2200;TRUE;Corr. VA1 Entitlement;TRUE;100;IN Entitlement;;
93515;1/1/2023 00:00;VA1;IN Correction;2100;TRUE;Corr. VA1 Entitlement;TRUE;100;IN Entitlement;;
30677;1/1/2023 00:00;VA1;IN Correction;2000;TRUE;Corr. VA1 Entitlement;TRUE;100;IN Entitlement;;
26971;1/1/2023 00:00;VA1;IN Correction;2000;TRUE;Corr. VA1 Entitlement;TRUE;100;IN Entitlement;;
62131;1/1/2023 00:00;VA1;IN Correction;1800;TRUE;Corr. VA1 Entitlement;TRUE;100;IN Entitlement;;
69742;1/1/2023 00:00;VA1;IN Correction;1800;TRUE;Corr. VA1 Entitlement;TRUE;100;IN Entitlement;;
34871;1/1/2023 00:00;VA1;IN Correction;1700;TRUE;Corr. VA1 Entitlement;TRUE;100;IN Entitlement;;
62863;1/1/2023 00:00;VA1;IN Correction;1700;TRUE;Corr. VA1 Entitlement;TRUE;100;IN Entitlement;;
38609;1/1/2023 00:00;VA1;IN Correction;1700;TRUE;Corr. VA1 Entitlement;TRUE;100;IN Entitlement;;
34961;1/1/2023 00:00;VA1;IN Correction;1700;TRUE;Corr. VA1 Entitlement;TRUE;100;IN Entitlement;;
34586;1/1/2023 00:00;VA1;IN Correction;1700;TRUE;Corr. VA1 Entitlement;TRUE;100;IN Entitlement;;
35643;1/1/2023 00:00;VA1;IN Correction;1700;TRUE;Corr. VA1 Entitlement;TRUE;100;IN Entitlement;;
93378;1/1/2023 00:00;VA1;IN Correction;1700;TRUE;Corr. VA1 Entitlement;TRUE;100;IN Entitlement;;
35641;1/1/2023 00:00;VA1;IN Correction;1700;TRUE;Corr. VA1 Entitlement;TRUE;100;IN Entitlement;;
69115;1/1/2023 00:00;VA1;IN Correction;1700;TRUE;Corr. VA1 Entitlement;TRUE;100;IN Entitlement;;
35298;1/1/2023 00:00;VA1;IN Correction;1600;TRUE;Corr. VA1 Entitlement;TRUE;100;IN Entitlement;;
38628;1/1/2023 00:00;VA1;IN Correction;1600;TRUE;Corr. VA1 Entitlement;TRUE;100;IN Entitlement;;
35696;1/1/2023 00:00;VA1;IN Correction;1600;TRUE;Corr. VA1 Entitlement;TRUE;100;IN Entitlement;;
34858;1/1/2023 00:00;VA1;IN Correction;1600;TRUE;Corr. VA1 Entitlement;TRUE;100;IN Entitlement;;
37710;1/1/2023 00:00;VA1;IN Correction;1600;TRUE;Corr. VA1 Entitlement;TRUE;100;IN Entitlement;;
37888;1/1/2023 00:00;VA1;IN Correction;1600;TRUE;Corr. VA1 Entitlement;TRUE;100;IN Entitlement;;
30071;1/1/2023 00:00;VA1;IN Correction;1600;TRUE;Corr. VA1 Entitlement;TRUE;100;IN Entitlement;;
30107;1/1/2023 00:00;VA1;IN Correction;1600;TRUE;Corr. VA1 Entitlement;TRUE;100;IN Entitlement;;
34557;1/1/2023 00:00;VA1;IN Correction;1600;TRUE;Corr. VA1 Entitlement;TRUE;100;IN Entitlement;;
38805;1/1/2023 00:00;VA1;IN Correction;1600;TRUE;Corr. VA1 Entitlement;TRUE;100;IN Entitlement;;
37954;1/1/2023 00:00;VA1;IN Correction;1600;TRUE;Corr. VA1 Entitlement;TRUE;100;IN Entitlement;;
38622;1/1/2023 00:00;VA1;IN Correction;1600;TRUE;Corr. VA1 Entitlement;TRUE;100;IN Entitlement;;
18134;1/1/2023 00:00;VA1;IN Correction;1600;TRUE;Corr. VA1 Entitlement;TRUE;100;IN Entitlement;;
35633;1/1/2023 00:00;VA1;IN Correction;1600;TRUE;Corr. VA1 Entitlement;TRUE;100;IN Entitlement;;
37301;1/1/2023 00:00;VA1;IN Correction;1600;TRUE;Corr. VA1 Entitlement;TRUE;100;IN Entitlement;;
37739;1/1/2023 00:00;VA1;IN Correction;1600;TRUE;Corr. VA1 Entitlement;TRUE;100;IN Entitlement;;
32857;1/1/2023 00:00;VA1;IN Correction;1600;TRUE;Corr. VA1 Entitlement;TRUE;100;IN Entitlement;;
34371;1/1/2023 00:00;VA1;IN Correction;1600;TRUE;Corr. VA1 Entitlement;TRUE;100;IN Entitlement;;
35588;1/1/2023 00:00;VA1;IN Correction;1600;TRUE;Corr. VA1 Entitlement;TRUE;100;IN Entitlement;;
39616;1/1/2023 00:00;VA1;IN Correction;1600;TRUE;Corr. VA1 Entitlement;TRUE;100;IN Entitlement;;
34643;1/1/2023 00:00;VA1;IN Correction;1600;TRUE;Corr. VA1 Entitlement;TRUE;100;IN Entitlement;;
35013;1/1/2023 00:00;VA1;IN Correction;1600;TRUE;Corr. VA1 Entitlement;TRUE;100;IN Entitlement;;
67505;1/1/2023 00:00;VA1;IN Correction;1500;TRUE;Corr. VA1 Entitlement;TRUE;100;IN Entitlement;;
36929;1/1/2023 00:00;VA1;IN Correction;1500;TRUE;Corr. VA1 Entitlement;TRUE;100;IN Entitlement;;
37215;1/1/2023 00:00;VA1;IN Correction;1500;TRUE;Corr. VA1 Entitlement;TRUE;100;IN Entitlement;;
39165;1/1/2023 00:00;VA1;IN Correction;1500;TRUE;Corr. VA1 Entitlement;TRUE;100;IN Entitlement;;
91692;1/1/2023 00:00;VA1;IN Correction;1500;TRUE;Corr. VA1 Entitlement;TRUE;100;IN Entitlement;;
69929;1/1/2023 00:00;VA1;IN Correction;1500;TRUE;Corr. VA1 Entitlement;TRUE;100;IN Entitlement;;
68018;1/1/2023 00:00;VA1;IN Correction;1500;TRUE;Corr. VA1 Entitlement;TRUE;100;IN Entitlement;;
39883;1/1/2023 00:00;VA1;IN Correction;1500;TRUE;Corr. VA1 Entitlement;TRUE;100;IN Entitlement;;
62200;1/1/2023 00:00;VA1;IN Correction;1500;TRUE;Corr. VA1 Entitlement;TRUE;100;IN Entitlement;;
37320;1/1/2023 00:00;VA1;IN Correction;1500;TRUE;Corr. VA1 Entitlement;TRUE;100;IN Entitlement;;
38223;1/1/2023 00:00;VA1;IN Correction;1500;TRUE;Corr. VA1 Entitlement;TRUE;100;IN Entitlement;;
38337;1/1/2023 00:00;VA1;IN Correction;1500;TRUE;Corr. VA1 Entitlement;TRUE;100;IN Entitlement;;
86624;1/1/2023 00:00;VA1;IN Correction;1500;TRUE;Corr. VA1 Entitlement;TRUE;100;IN Entitlement;;
34748;1/1/2023 00:00;VA1;IN Correction;1500;TRUE;Corr. VA1 Entitlement;TRUE;100;IN Entitlement;;
39260;1/1/2023 00:00;VA1;IN Correction;1500;TRUE;Corr. VA1 Entitlement;TRUE;100;IN Entitlement;;
93534;1/1/2023 00:00;VA1;IN Correction;1400;TRUE;Corr. VA1 Entitlement;TRUE;100;IN Entitlement;;
38040;1/1/2023 00:00;VA1;IN Correction;1400;TRUE;Corr. VA1 Entitlement;TRUE;100;IN Entitlement;;
39826;1/1/2023 00:00;VA1;IN Correction;1400;TRUE;Corr. VA1 Entitlement;TRUE;100;IN Entitlement;;
36445;1/1/2023 00:00;VA1;IN Correction;1400;TRUE;Corr. VA1 Entitlement;TRUE;100;IN Entitlement;;
37575;1/1/2023 00:00;VA1;IN Correction;1400;TRUE;Corr. VA1 Entitlement;TRUE;100;IN Entitlement;;
64750;1/1/2023 00:00;VA1;IN Correction;1400;TRUE;Corr. VA1 Entitlement;TRUE;100;IN Entitlement;;
38873;1/1/2023 00:00;VA1;IN Correction;1400;TRUE;Corr. VA1 Entitlement;TRUE;100;IN Entitlement;;
39103;1/1/2023 00:00;VA1;IN Correction;1400;TRUE;Corr. VA1 Entitlement;TRUE;100;IN Entitlement;;
39264;1/1/2023 00:00;VA1;IN Correction;1400;TRUE;Corr. VA1 Entitlement;TRUE;100;IN Entitlement;;
37289;1/1/2023 00:00;VA1;IN Correction;1400;TRUE;Corr. VA1 Entitlement;TRUE;100;IN Entitlement;;
38334;1/1/2023 00:00;VA1;IN Correction;1400;TRUE;Corr. VA1 Entitlement;TRUE;100;IN Entitlement;;
30744;1/1/2023 00:00;VA1;IN Correction;1400;TRUE;Corr. VA1 Entitlement;TRUE;100;IN Entitlement;;
34511;1/1/2023 00:00;VA1;IN Correction;1400;TRUE;Corr. VA1 Entitlement;TRUE;100;IN Entitlement;;
38883;1/1/2023 00:00;VA1;IN Correction;1400;TRUE;Corr. VA1 Entitlement;TRUE;100;IN Entitlement;;
35848;1/1/2023 00:00;VA1;IN Correction;1400;TRUE;Corr. VA1 Entitlement;TRUE;100;IN Entitlement;;
38613;1/1/2023 00:00;VA1;IN Correction;1400;TRUE;Corr. VA1 Entitlement;TRUE;100;IN Entitlement;;
86599;1/1/2023 00:00;VA1;IN Correction;1400;TRUE;Corr. VA1 Entitlement;TRUE;100;IN Entitlement;;
12378;1/1/2023 00:00;VA1;IN Correction;1400;TRUE;Corr. VA1 Entitlement;TRUE;100;IN Entitlement;;
37360;1/1/2023 00:00;VA1;IN Correction;1400;TRUE;Corr. VA1 Entitlement;TRUE;100;IN Entitlement;;
34982;1/1/2023 00:00;VA1;IN Correction;1400;TRUE;Corr. VA1 Entitlement;TRUE;100;IN Entitlement;;
38242;1/1/2023 00:00;VA1;IN Correction;1400;TRUE;Corr. VA1 Entitlement;TRUE;100;IN Entitlement;;
34081;1/1/2023 00:00;VA1;IN Correction;1400;TRUE;Corr. VA1 Entitlement;TRUE;100;IN Entitlement;;
93379;1/1/2023 00:00;VA1;IN Correction;1400;TRUE;Corr. VA1 Entitlement;TRUE;100;IN Entitlement;;
93480;1/1/2023 00:00;VA1;IN Correction;1400;TRUE;Corr. VA1 Entitlement;TRUE;100;IN Entitlement;;
62718;1/1/2023 00:00;VA1;IN Correction;1400;TRUE;Corr. VA1 Entitlement;TRUE;100;IN Entitlement;;
34431;1/1/2023 00:00;VA1;IN Correction;1400;TRUE;Corr. VA1 Entitlement;TRUE;100;IN Entitlement;;
34387;1/1/2023 00:00;VA1;IN Correction;1400;TRUE;Corr. VA1 Entitlement;TRUE;100;IN Entitlement;;
62451;1/1/2023 00:00;VA1;IN Correction;1400;TRUE;Corr. VA1 Entitlement;TRUE;100;IN Entitlement;;
39911;1/1/2023 00:00;VA1;IN Correction;1400;TRUE;Corr. VA1 Entitlement;TRUE;100;IN Entitlement;;
35097;1/1/2023 00:00;VA1;IN Correction;1300;TRUE;Corr. VA1 Entitlement;TRUE;100;IN Entitlement;;
34461;1/1/2023 00:00;VA1;IN Correction;1300;TRUE;Corr. VA1 Entitlement;TRUE;100;IN Entitlement;;
35161;1/1/2023 00:00;VA1;IN Correction;1300;TRUE;Corr. VA1 Entitlement;TRUE;100;IN Entitlement;;
38623;1/1/2023 00:00;VA1;IN Correction;1300;TRUE;Corr. VA1 Entitlement;TRUE;100;IN Entitlement;;
37163;1/1/2023 00:00;VA1;IN Correction;1300;TRUE;Corr. VA1 Entitlement;TRUE;100;IN Entitlement;;
86561;1/1/2023 00:00;VA1;IN Correction;1300;TRUE;Corr. VA1 Entitlement;TRUE;100;IN Entitlement;;
35791;1/1/2023 00:00;VA1;IN Correction;1300;TRUE;Corr. VA1 Entitlement;TRUE;100;IN Entitlement;;
35903;1/1/2023 00:00;VA1;IN Correction;1300;TRUE;Corr. VA1 Entitlement;TRUE;100;IN Entitlement;;
37460;1/1/2023 00:00;VA1;IN Correction;1300;TRUE;Corr. VA1 Entitlement;TRUE;100;IN Entitlement;;
34355;1/1/2023 00:00;VA1;IN Correction;1300;TRUE;Corr. VA1 Entitlement;TRUE;100;IN Entitlement;;
35927;1/1/2023 00:00;VA1;IN Correction;1300;TRUE;Corr. VA1 Entitlement;TRUE;100;IN Entitlement;;
37960;1/1/2023 00:00;VA1;IN Correction;1300;TRUE;Corr. VA1 Entitlement;TRUE;100;IN Entitlement;;
38292;1/1/2023 00:00;VA1;IN Correction;1300;TRUE;Corr. VA1 Entitlement;TRUE;100;IN Entitlement;;
38538;1/1/2023 00:00;VA1;IN Correction;1300;TRUE;Corr. VA1 Entitlement;TRUE;100;IN Entitlement;;
38565;1/1/2023 00:00;VA1;IN Correction;1300;TRUE;Corr. VA1 Entitlement;TRUE;100;IN Entitlement;;
39670;1/1/2023 00:00;VA1;IN Correction;1300;TRUE;Corr. VA1 Entitlement;TRUE;100;IN Entitlement;;
39827;1/1/2023 00:00;VA1;IN Correction;1300;TRUE;Corr. VA1 Entitlement;TRUE;100;IN Entitlement;;
39882;1/1/2023 00:00;VA1;IN Correction;1300;TRUE;Corr. VA1 Entitlement;TRUE;100;IN Entitlement;;
30992;1/1/2023 00:00;VA1;IN Correction;1300;TRUE;Corr. VA1 Entitlement;TRUE;100;IN Entitlement;;
35029;1/1/2023 00:00;VA1;IN Correction;1300;TRUE;Corr. VA1 Entitlement;TRUE;100;IN Entitlement;;
37859;1/1/2023 00:00;VA1;IN Correction;1300;TRUE;Corr. VA1 Entitlement;TRUE;100;IN Entitlement;;
38540;1/1/2023 00:00;VA1;IN Correction;1300;TRUE;Corr. VA1 Entitlement;TRUE;100;IN Entitlement;;
38605;1/1/2023 00:00;VA1;IN Correction;1300;TRUE;Corr. VA1 Entitlement;TRUE;100;IN Entitlement;;
38629;1/1/2023 00:00;VA1;IN Correction;1300;TRUE;Corr. VA1 Entitlement;TRUE;100;IN Entitlement;;
39402;1/1/2023 00:00;VA1;IN Correction;1300;TRUE;Corr. VA1 Entitlement;TRUE;100;IN Entitlement;;
39427;1/1/2023 00:00;VA1;IN Correction;1300;TRUE;Corr. VA1 Entitlement;TRUE;100;IN Entitlement;;
39780;1/1/2023 00:00;VA1;IN Correction;1300;TRUE;Corr. VA1 Entitlement;TRUE;100;IN Entitlement;;
39834;1/1/2023 00:00;VA1;IN Correction;1300;TRUE;Corr. VA1 Entitlement;TRUE;100;IN Entitlement;;
30592;1/1/2023 00:00;VA1;IN Correction;1300;TRUE;Corr. VA1 Entitlement;TRUE;100;IN Entitlement;;
34474;1/1/2023 00:00;VA1;IN Correction;1300;TRUE;Corr. VA1 Entitlement;TRUE;100;IN Entitlement;;
11238;1/1/2023 00:00;VA1;IN Correction;1300;TRUE;Corr. VA1 Entitlement;TRUE;100;IN Entitlement;;
17091;1/1/2023 00:00;VA1;IN Correction;1300;TRUE;Corr. VA1 Entitlement;TRUE;100;IN Entitlement;;
35080;1/1/2023 00:00;VA1;IN Correction;1300;TRUE;Corr. VA1 Entitlement;TRUE;100;IN Entitlement;;
37122;1/1/2023 00:00;VA1;IN Correction;1300;TRUE;Corr. VA1 Entitlement;TRUE;100;IN Entitlement;;
38052;1/1/2023 00:00;VA1;IN Correction;1300;TRUE;Corr. VA1 Entitlement;TRUE;100;IN Entitlement;;
38828;1/1/2023 00:00;VA1;IN Correction;1300;TRUE;Corr. VA1 Entitlement;TRUE;100;IN Entitlement;;
67542;1/1/2023 00:00;VA1;IN Correction;1300;TRUE;Corr. VA1 Entitlement;TRUE;100;IN Entitlement;;
32915;1/1/2023 00:00;VA1;IN Correction;1300;TRUE;Corr. VA1 Entitlement;TRUE;100;IN Entitlement;;
34757;1/1/2023 00:00;VA1;IN Correction;1300;TRUE;Corr. VA1 Entitlement;TRUE;100;IN Entitlement;;
17883;1/1/2023 00:00;VA1;IN Correction;1300;TRUE;Corr. VA1 Entitlement;TRUE;100;IN Entitlement;;
35519;1/1/2023 00:00;VA1;IN Correction;1300;TRUE;Corr. VA1 Entitlement;TRUE;100;IN Entitlement;;
37971;1/1/2023 00:00;VA1;IN Correction;1300;TRUE;Corr. VA1 Entitlement;TRUE;100;IN Entitlement;;
38245;1/1/2023 00:00;VA1;IN Correction;1300;TRUE;Corr. VA1 Entitlement;TRUE;100;IN Entitlement;;
86576;1/1/2023 00:00;VA1;IN Correction;1300;TRUE;Corr. VA1 Entitlement;TRUE;100;IN Entitlement;;
38595;1/1/2023 00:00;VA1;IN Correction;1300;TRUE;Corr. VA1 Entitlement;TRUE;100;IN Entitlement;;
38859;1/1/2023 00:00;VA1;IN Correction;1300;TRUE;Corr. VA1 Entitlement;TRUE;100;IN Entitlement;;
37820;1/1/2023 00:00;VA1;IN Correction;1300;TRUE;Corr. VA1 Entitlement;TRUE;100;IN Entitlement;;
37045;1/1/2023 00:00;VA1;IN Correction;1300;TRUE;Corr. VA1 Entitlement;TRUE;100;IN Entitlement;;
34407;1/1/2023 00:00;VA1;IN Correction;1300;TRUE;Corr. VA1 Entitlement;TRUE;100;IN Entitlement;;
93319;1/1/2023 00:00;VA1;IN Correction;1300;TRUE;Corr. VA1 Entitlement;TRUE;100;IN Entitlement;;
93324;1/1/2023 00:00;VA1;IN Correction;1300;TRUE;Corr. VA1 Entitlement;TRUE;100;IN Entitlement;;
93432;1/1/2023 00:00;VA1;IN Correction;1300;TRUE;Corr. VA1 Entitlement;TRUE;100;IN Entitlement;;
62338;1/1/2023 00:00;VA1;IN Correction;1300;TRUE;Corr. VA1 Entitlement;TRUE;100;IN Entitlement;;
36468;1/1/2023 00:00;VA1;IN Correction;1300;TRUE;Corr. VA1 Entitlement;TRUE;100;IN Entitlement;;
37541;1/1/2023 00:00;VA1;IN Correction;1300;TRUE;Corr. VA1 Entitlement;TRUE;100;IN Entitlement;;
37866;1/1/2023 00:00;VA1;IN Correction;1300;TRUE;Corr. VA1 Entitlement;TRUE;100;IN Entitlement;;
37755;1/1/2023 00:00;VA1;IN Correction;1300;TRUE;Corr. VA1 Entitlement;TRUE;100;IN Entitlement;;
34449;1/1/2023 00:00;VA1;IN Correction;1300;TRUE;Corr. VA1 Entitlement;TRUE;100;IN Entitlement;;
85039;1/1/2023 00:00;VA1;IN Correction;1200;TRUE;Corr. VA1 Entitlement;TRUE;100;IN Entitlement;;
65863;1/1/2023 00:00;VA1;IN Correction;1200;TRUE;Corr. VA1 Entitlement;TRUE;100;IN Entitlement;;
67826;1/1/2023 00:00;VA1;IN Correction;1200;TRUE;Corr. VA1 Entitlement;TRUE;100;IN Entitlement;;
39351;1/1/2023 00:00;VA1;IN Correction;1200;TRUE;Corr. VA1 Entitlement;TRUE;100;IN Entitlement;;
38624;1/1/2023 00:00;VA1;IN Correction;1200;TRUE;Corr. VA1 Entitlement;TRUE;100;IN Entitlement;;
37492;1/1/2023 00:00;VA1;IN Correction;1200;TRUE;Corr. VA1 Entitlement;TRUE;100;IN Entitlement;;
38072;1/1/2023 00:00;VA1;IN Correction;1200;TRUE;Corr. VA1 Entitlement;TRUE;100;IN Entitlement;;
37087;1/1/2023 00:00;VA1;IN Correction;1200;TRUE;Corr. VA1 Entitlement;TRUE;100;IN Entitlement;;
37744;1/1/2023 00:00;VA1;IN Correction;1200;TRUE;Corr. VA1 Entitlement;TRUE;100;IN Entitlement;;
37942;1/1/2023 00:00;VA1;IN Correction;1200;TRUE;Corr. VA1 Entitlement;TRUE;100;IN Entitlement;;
68603;1/1/2023 00:00;VA1;IN Correction;1200;TRUE;Corr. VA1 Entitlement;TRUE;100;IN Entitlement;;
34857;1/1/2023 00:00;VA1;IN Correction;1200;TRUE;Corr. VA1 Entitlement;TRUE;100;IN Entitlement;;
37276;1/1/2023 00:00;VA1;IN Correction;1200;TRUE;Corr. VA1 Entitlement;TRUE;100;IN Entitlement;;
38226;1/1/2023 00:00;VA1;IN Correction;1200;TRUE;Corr. VA1 Entitlement;TRUE;100;IN Entitlement;;
39065;1/1/2023 00:00;VA1;IN Correction;1200;TRUE;Corr. VA1 Entitlement;TRUE;100;IN Entitlement;;
39250;1/1/2023 00:00;VA1;IN Correction;1200;TRUE;Corr. VA1 Entitlement;TRUE;100;IN Entitlement;;
39359;1/1/2023 00:00;VA1;IN Correction;1200;TRUE;Corr. VA1 Entitlement;TRUE;100;IN Entitlement;;
39394;1/1/2023 00:00;VA1;IN Correction;1200;TRUE;Corr. VA1 Entitlement;TRUE;100;IN Entitlement;;
39428;1/1/2023 00:00;VA1;IN Correction;1200;TRUE;Corr. VA1 Entitlement;TRUE;100;IN Entitlement;;
39558;1/1/2023 00:00;VA1;IN Correction;1200;TRUE;Corr. VA1 Entitlement;TRUE;100;IN Entitlement;;
39804;1/1/2023 00:00;VA1;IN Correction;1200;TRUE;Corr. VA1 Entitlement;TRUE;100;IN Entitlement;;
66368;1/1/2023 00:00;VA1;IN Correction;1200;TRUE;Corr. VA1 Entitlement;TRUE;100;IN Entitlement;;
69281;1/1/2023 00:00;VA1;IN Correction;1200;TRUE;Corr. VA1 Entitlement;TRUE;100;IN Entitlement;;
30767;1/1/2023 00:00;VA1;IN Correction;1200;TRUE;Corr. VA1 Entitlement;TRUE;100;IN Entitlement;;
32246;1/1/2023 00:00;VA1;IN Correction;1200;TRUE;Corr. VA1 Entitlement;TRUE;100;IN Entitlement;;
34143;1/1/2023 00:00;VA1;IN Correction;1200;TRUE;Corr. VA1 Entitlement;TRUE;100;IN Entitlement;;
34296;1/1/2023 00:00;VA1;IN Correction;1200;TRUE;Corr. VA1 Entitlement;TRUE;100;IN Entitlement;;
34398;1/1/2023 00:00;VA1;IN Correction;1200;TRUE;Corr. VA1 Entitlement;TRUE;100;IN Entitlement;;
34546;1/1/2023 00:00;VA1;IN Correction;1200;TRUE;Corr. VA1 Entitlement;TRUE;100;IN Entitlement;;
34715;1/1/2023 00:00;VA1;IN Correction;1200;TRUE;Corr. VA1 Entitlement;TRUE;100;IN Entitlement;;
34938;1/1/2023 00:00;VA1;IN Correction;1200;TRUE;Corr. VA1 Entitlement;TRUE;100;IN Entitlement;;
35011;1/1/2023 00:00;VA1;IN Correction;1200;TRUE;Corr. VA1 Entitlement;TRUE;100;IN Entitlement;;
35406;1/1/2023 00:00;VA1;IN Correction;1200;TRUE;Corr. VA1 Entitlement;TRUE;100;IN Entitlement;;
37091;1/1/2023 00:00;VA1;IN Correction;1200;TRUE;Corr. VA1 Entitlement;TRUE;100;IN Entitlement;;
37189;1/1/2023 00:00;VA1;IN Correction;1200;TRUE;Corr. VA1 Entitlement;TRUE;100;IN Entitlement;;
37788;1/1/2023 00:00;VA1;IN Correction;1200;TRUE;Corr. VA1 Entitlement;TRUE;100;IN Entitlement;;
39037;1/1/2023 00:00;VA1;IN Correction;1200;TRUE;Corr. VA1 Entitlement;TRUE;100;IN Entitlement;;
39307;1/1/2023 00:00;VA1;IN Correction;1200;TRUE;Corr. VA1 Entitlement;TRUE;100;IN Entitlement;;
67608;1/1/2023 00:00;VA1;IN Correction;1200;TRUE;Corr. VA1 Entitlement;TRUE;100;IN Entitlement;;
67684;1/1/2023 00:00;VA1;IN Correction;1200;TRUE;Corr. VA1 Entitlement;TRUE;100;IN Entitlement;;
16566;1/1/2023 00:00;VA1;IN Correction;1200;TRUE;Corr. VA1 Entitlement;TRUE;100;IN Entitlement;;
35233;1/1/2023 00:00;VA1;IN Correction;1200;TRUE;Corr. VA1 Entitlement;TRUE;100;IN Entitlement;;
37156;1/1/2023 00:00;VA1;IN Correction;1200;TRUE;Corr. VA1 Entitlement;TRUE;100;IN Entitlement;;
38237;1/1/2023 00:00;VA1;IN Correction;1200;TRUE;Corr. VA1 Entitlement;TRUE;100;IN Entitlement;;
39118;1/1/2023 00:00;VA1;IN Correction;1200;TRUE;Corr. VA1 Entitlement;TRUE;100;IN Entitlement;;
39746;1/1/2023 00:00;VA1;IN Correction;1200;TRUE;Corr. VA1 Entitlement;TRUE;100;IN Entitlement;;
61707;1/1/2023 00:00;VA1;IN Correction;1200;TRUE;Corr. VA1 Entitlement;TRUE;100;IN Entitlement;;
69794;1/1/2023 00:00;VA1;IN Correction;1200;TRUE;Corr. VA1 Entitlement;TRUE;100;IN Entitlement;;
36870;1/1/2023 00:00;VA1;IN Correction;1200;TRUE;Corr. VA1 Entitlement;TRUE;100;IN Entitlement;;
34780;1/1/2023 00:00;VA1;IN Correction;1200;TRUE;Corr. VA1 Entitlement;TRUE;100;IN Entitlement;;
39633;1/1/2023 00:00;VA1;IN Correction;1200;TRUE;Corr. VA1 Entitlement;TRUE;100;IN Entitlement;;
65734;1/1/2023 00:00;VA1;IN Correction;1200;TRUE;Corr. VA1 Entitlement;TRUE;100;IN Entitlement;;
30829;1/1/2023 00:00;VA1;IN Correction;1200;TRUE;Corr. VA1 Entitlement;TRUE;100;IN Entitlement;;
91775;1/1/2023 00:00;VA1;IN Correction;1200;TRUE;Corr. VA1 Entitlement;TRUE;100;IN Entitlement;;
93196;1/1/2023 00:00;VA1;IN Correction;1200;TRUE;Corr. VA1 Entitlement;TRUE;100;IN Entitlement;;
93198;1/1/2023 00:00;VA1;IN Correction;1200;TRUE;Corr. VA1 Entitlement;TRUE;100;IN Entitlement;;
93199;1/1/2023 00:00;VA1;IN Correction;1200;TRUE;Corr. VA1 Entitlement;TRUE;100;IN Entitlement;;
93636;1/1/2023 00:00;VA1;IN Correction;1200;TRUE;Corr. VA1 Entitlement;TRUE;100;IN Entitlement;;
38835;1/1/2023 00:00;VA1;IN Correction;1200;TRUE;Corr. VA1 Entitlement;TRUE;100;IN Entitlement;;
35092;1/1/2023 00:00;VA1;IN Correction;1200;TRUE;Corr. VA1 Entitlement;TRUE;100;IN Entitlement;;
34348;1/1/2023 00:00;VA1;IN Correction;1200;TRUE;Corr. VA1 Entitlement;TRUE;100;IN Entitlement;;
38199;1/1/2023 00:00;VA1;IN Correction;1200;TRUE;Corr. VA1 Entitlement;TRUE;100;IN Entitlement;;
35501;1/1/2023 00:00;VA1;IN Correction;1100;TRUE;Corr. VA1 Entitlement;TRUE;100;IN Entitlement;;
69754;1/1/2023 00:00;VA1;IN Correction;1100;TRUE;Corr. VA1 Entitlement;TRUE;100;IN Entitlement;;
37490;1/1/2023 00:00;VA1;IN Correction;1100;TRUE;Corr. VA1 Entitlement;TRUE;100;IN Entitlement;;
37835;1/1/2023 00:00;VA1;IN Correction;1100;TRUE;Corr. VA1 Entitlement;TRUE;100;IN Entitlement;;
62341;1/1/2023 00:00;VA1;IN Correction;1100;TRUE;Corr. VA1 Entitlement;TRUE;100;IN Entitlement;;
68714;1/1/2023 00:00;VA1;IN Correction;1100;TRUE;Corr. VA1 Entitlement;TRUE;100;IN Entitlement;;
34885;1/1/2023 00:00;VA1;IN Correction;1100;TRUE;Corr. VA1 Entitlement;TRUE;100;IN Entitlement;;
68848;1/1/2023 00:00;VA1;IN Correction;1100;TRUE;Corr. VA1 Entitlement;TRUE;100;IN Entitlement;;
34650;1/1/2023 00:00;VA1;IN Correction;1100;TRUE;Corr. VA1 Entitlement;TRUE;100;IN Entitlement;;
38975;1/1/2023 00:00;VA1;IN Correction;1100;TRUE;Corr. VA1 Entitlement;TRUE;100;IN Entitlement;;
39248;1/1/2023 00:00;VA1;IN Correction;1100;TRUE;Corr. VA1 Entitlement;TRUE;100;IN Entitlement;;
39298;1/1/2023 00:00;VA1;IN Correction;1100;TRUE;Corr. VA1 Entitlement;TRUE;100;IN Entitlement;;
39590;1/1/2023 00:00;VA1;IN Correction;1100;TRUE;Corr. VA1 Entitlement;TRUE;100;IN Entitlement;;
61636;1/1/2023 00:00;VA1;IN Correction;1100;TRUE;Corr. VA1 Entitlement;TRUE;100;IN Entitlement;;
30989;1/1/2023 00:00;VA1;IN Correction;1100;TRUE;Corr. VA1 Entitlement;TRUE;100;IN Entitlement;;
37128;1/1/2023 00:00;VA1;IN Correction;1100;TRUE;Corr. VA1 Entitlement;TRUE;100;IN Entitlement;;
38564;1/1/2023 00:00;VA1;IN Correction;1100;TRUE;Corr. VA1 Entitlement;TRUE;100;IN Entitlement;;
34614;1/1/2023 00:00;VA1;IN Correction;1100;TRUE;Corr. VA1 Entitlement;TRUE;100;IN Entitlement;;
38909;1/1/2023 00:00;VA1;IN Correction;1100;TRUE;Corr. VA1 Entitlement;TRUE;100;IN Entitlement;;
34878;1/1/2023 00:00;VA1;IN Correction;1100;TRUE;Corr. VA1 Entitlement;TRUE;100;IN Entitlement;;
35484;1/1/2023 00:00;VA1;IN Correction;1100;TRUE;Corr. VA1 Entitlement;TRUE;100;IN Entitlement;;
30196;1/1/2023 00:00;VA1;IN Correction;1100;TRUE;Corr. VA1 Entitlement;TRUE;100;IN Entitlement;;
34429;1/1/2023 00:00;VA1;IN Correction;1100;TRUE;Corr. VA1 Entitlement;TRUE;100;IN Entitlement;;
34538;1/1/2023 00:00;VA1;IN Correction;1100;TRUE;Corr. VA1 Entitlement;TRUE;100;IN Entitlement;;
91778;1/1/2023 00:00;VA1;IN Correction;1100;TRUE;Corr. VA1 Entitlement;TRUE;100;IN Entitlement;;
93752;1/1/2023 00:00;VA1;IN Correction;1100;TRUE;Corr. VA1 Entitlement;TRUE;100;IN Entitlement;;
93832;1/1/2023 00:00;VA1;IN Correction;1100;TRUE;Corr. VA1 Entitlement;TRUE;100;IN Entitlement;;
37339;1/1/2023 00:00;VA1;IN Correction;1100;TRUE;Corr. VA1 Entitlement;TRUE;100;IN Entitlement;;
39749;1/1/2023 00:00;VA1;IN Correction;1100;TRUE;Corr. VA1 Entitlement;TRUE;100;IN Entitlement;;
69165;1/1/2023 00:00;VA1;IN Correction;1100;TRUE;Corr. VA1 Entitlement;TRUE;100;IN Entitlement;;
86606;1/1/2023 00:00;VA1;IN Correction;1100;TRUE;Corr. VA1 Entitlement;TRUE;100;IN Entitlement;;
64515;1/1/2023 00:00;VA1;IN Correction;1100;TRUE;Corr. VA1 Entitlement;TRUE;100;IN Entitlement;;
65038;1/1/2023 00:00;VA1;IN Correction;1100;TRUE;Corr. VA1 Entitlement;TRUE;100;IN Entitlement;;
34480;1/1/2023 00:00;VA1;IN Correction;1100;TRUE;Corr. VA1 Entitlement;TRUE;100;IN Entitlement;;
39707;1/1/2023 00:00;VA1;IN Correction;1100;TRUE;Corr. VA1 Entitlement;TRUE;100;IN Entitlement;;
37587;1/1/2023 00:00;VA1;IN Correction;1000;TRUE;Corr. VA1 Entitlement;TRUE;100;IN Entitlement;;
34231;1/1/2023 00:00;VA1;IN Correction;1000;TRUE;Corr. VA1 Entitlement;TRUE;100;IN Entitlement;;
37455;1/1/2023 00:00;VA1;IN Correction;1000;TRUE;Corr. VA1 Entitlement;TRUE;100;IN Entitlement;;
35509;1/1/2023 00:00;VA1;IN Correction;1000;TRUE;Corr. VA1 Entitlement;TRUE;100;IN Entitlement;;
29424;1/1/2023 00:00;VA1;IN Correction;1000;TRUE;Corr. VA1 Entitlement;TRUE;100;IN Entitlement;;
34797;1/1/2023 00:00;VA1;IN Correction;1000;TRUE;Corr. VA1 Entitlement;TRUE;100;IN Entitlement;;
30997;1/1/2023 00:00;VA1;IN Correction;1000;TRUE;Corr. VA1 Entitlement;TRUE;100;IN Entitlement;;
37168;1/1/2023 00:00;VA1;IN Correction;1000;TRUE;Corr. VA1 Entitlement;TRUE;100;IN Entitlement;;
37664;1/1/2023 00:00;VA1;IN Correction;1000;TRUE;Corr. VA1 Entitlement;TRUE;100;IN Entitlement;;
35675;1/1/2023 00:00;VA1;IN Correction;1000;TRUE;Corr. VA1 Entitlement;TRUE;100;IN Entitlement;;
37327;1/1/2023 00:00;VA1;IN Correction;1000;TRUE;Corr. VA1 Entitlement;TRUE;100;IN Entitlement;;
61591;1/1/2023 00:00;VA1;IN Correction;1000;TRUE;Corr. VA1 Entitlement;TRUE;100;IN Entitlement;;
65693;1/1/2023 00:00;VA1;IN Correction;1000;TRUE;Corr. VA1 Entitlement;TRUE;100;IN Entitlement;;
67654;1/1/2023 00:00;VA1;IN Correction;1000;TRUE;Corr. VA1 Entitlement;TRUE;100;IN Entitlement;;
68026;1/1/2023 00:00;VA1;IN Correction;1000;TRUE;Corr. VA1 Entitlement;TRUE;100;IN Entitlement;;
30297;1/1/2023 00:00;VA1;IN Correction;1000;TRUE;Corr. VA1 Entitlement;TRUE;100;IN Entitlement;;
86714;1/1/2023 00:00;VA1;IN Correction;1000;TRUE;Corr. VA1 Entitlement;TRUE;100;IN Entitlement;;
86999;1/1/2023 00:00;VA1;IN Correction;1000;TRUE;Corr. VA1 Entitlement;TRUE;100;IN Entitlement;;
91359;1/1/2023 00:00;VA1;IN Correction;1000;TRUE;Corr. VA1 Entitlement;TRUE;100;IN Entitlement;;
93812;1/1/2023 00:00;VA1;IN Correction;1000;TRUE;Corr. VA1 Entitlement;TRUE;100;IN Entitlement;;
35887;1/1/2023 00:00;VA1;IN Correction;1000;TRUE;Corr. VA1 Entitlement;TRUE;100;IN Entitlement;;
69200;1/1/2023 00:00;VA1;IN Correction;900;TRUE;Corr. VA1 Entitlement;TRUE;100;IN Entitlement;;
17475;1/1/2023 00:00;VA1;IN Correction;900;TRUE;Corr. VA1 Entitlement;TRUE;100;IN Entitlement;;
37569;1/1/2023 00:00;VA1;IN Correction;900;TRUE;Corr. VA1 Entitlement;TRUE;100;IN Entitlement;;
35150;1/1/2023 00:00;VA1;IN Correction;900;TRUE;Corr. VA1 Entitlement;TRUE;100;IN Entitlement;;
35573;1/1/2023 00:00;VA1;IN Correction;900;TRUE;Corr. VA1 Entitlement;TRUE;100;IN Entitlement;;
69727;1/1/2023 00:00;VA1;IN Correction;900;TRUE;Corr. VA1 Entitlement;TRUE;100;IN Entitlement;;
86616;1/1/2023 00:00;VA1;IN Correction;900;TRUE;Corr. VA1 Entitlement;TRUE;100;IN Entitlement;;
39563;1/1/2023 00:00;VA1;IN Correction;900;TRUE;Corr. VA1 Entitlement;TRUE;100;IN Entitlement;;
30369;1/1/2023 00:00;VA1;IN Correction;900;TRUE;Corr. VA1 Entitlement;TRUE;100;IN Entitlement;;
34498;1/1/2023 00:00;VA1;IN Correction;900;TRUE;Corr. VA1 Entitlement;TRUE;100;IN Entitlement;;
35688;1/1/2023 00:00;VA1;IN Correction;900;TRUE;Corr. VA1 Entitlement;TRUE;100;IN Entitlement;;
38607;1/1/2023 00:00;VA1;IN Correction;900;TRUE;Corr. VA1 Entitlement;TRUE;100;IN Entitlement;;
38747;1/1/2023 00:00;VA1;IN Correction;900;TRUE;Corr. VA1 Entitlement;TRUE;100;IN Entitlement;;
63367;1/1/2023 00:00;VA1;IN Correction;900;TRUE;Corr. VA1 Entitlement;TRUE;100;IN Entitlement;;
69861;1/1/2023 00:00;VA1;IN Correction;900;TRUE;Corr. VA1 Entitlement;TRUE;100;IN Entitlement;;
30388;1/1/2023 00:00;VA1;IN Correction;900;TRUE;Corr. VA1 Entitlement;TRUE;100;IN Entitlement;;
91927;1/1/2023 00:00;VA1;IN Correction;900;TRUE;Corr. VA1 Entitlement;TRUE;100;IN Entitlement;;
93192;1/1/2023 00:00;VA1;IN Correction;900;TRUE;Corr. VA1 Entitlement;TRUE;100;IN Entitlement;;
93318;1/1/2023 00:00;VA1;IN Correction;900;TRUE;Corr. VA1 Entitlement;TRUE;100;IN Entitlement;;
93751;1/1/2023 00:00;VA1;IN Correction;900;TRUE;Corr. VA1 Entitlement;TRUE;100;IN Entitlement;;
35598;1/1/2023 00:00;VA1;IN Correction;900;TRUE;Corr. VA1 Entitlement;TRUE;100;IN Entitlement;;
39928;1/1/2023 00:00;VA1;IN Correction;900;TRUE;Corr. VA1 Entitlement;TRUE;100;IN Entitlement;;
34080;1/1/2023 00:00;VA1;IN Correction;900;TRUE;Corr. VA1 Entitlement;TRUE;100;IN Entitlement;;
38562;1/1/2023 00:00;VA1;IN Correction;800;TRUE;Corr. VA1 Entitlement;TRUE;100;IN Entitlement;;
30764;1/1/2023 00:00;VA1;IN Correction;800;TRUE;Corr. VA1 Entitlement;TRUE;100;IN Entitlement;;
61656;1/1/2023 00:00;VA1;IN Correction;800;TRUE;Corr. VA1 Entitlement;TRUE;100;IN Entitlement;;
37818;1/1/2023 00:00;VA1;IN Correction;800;TRUE;Corr. VA1 Entitlement;TRUE;100;IN Entitlement;;
38648;1/1/2023 00:00;VA1;IN Correction;800;TRUE;Corr. VA1 Entitlement;TRUE;100;IN Entitlement;;
34634;1/1/2023 00:00;VA1;IN Correction;800;TRUE;Corr. VA1 Entitlement;TRUE;100;IN Entitlement;;
19188;1/1/2023 00:00;VA1;IN Correction;800;TRUE;Corr. VA1 Entitlement;TRUE;100;IN Entitlement;;
36047;1/1/2023 00:00;VA1;IN Correction;800;TRUE;Corr. VA1 Entitlement;TRUE;100;IN Entitlement;;
35900;1/1/2023 00:00;VA1;IN Correction;800;TRUE;Corr. VA1 Entitlement;TRUE;100;IN Entitlement;;
38864;1/1/2023 00:00;VA1;IN Correction;800;TRUE;Corr. VA1 Entitlement;TRUE;100;IN Entitlement;;
39642;1/1/2023 00:00;VA1;IN Correction;800;TRUE;Corr. VA1 Entitlement;TRUE;100;IN Entitlement;;
39696;1/1/2023 00:00;VA1;IN Correction;800;TRUE;Corr. VA1 Entitlement;TRUE;100;IN Entitlement;;
66988;1/1/2023 00:00;VA1;IN Correction;800;TRUE;Corr. VA1 Entitlement;TRUE;100;IN Entitlement;;
28618;1/1/2023 00:00;VA1;IN Correction;800;TRUE;Corr. VA1 Entitlement;TRUE;100;IN Entitlement;;
31925;1/1/2023 00:00;VA1;IN Correction;800;TRUE;Corr. VA1 Entitlement;TRUE;100;IN Entitlement;;
35742;1/1/2023 00:00;VA1;IN Correction;800;TRUE;Corr. VA1 Entitlement;TRUE;100;IN Entitlement;;
37529;1/1/2023 00:00;VA1;IN Correction;800;TRUE;Corr. VA1 Entitlement;TRUE;100;IN Entitlement;;
34478;1/1/2023 00:00;VA1;IN Correction;800;TRUE;Corr. VA1 Entitlement;TRUE;100;IN Entitlement;;
38210;1/1/2023 00:00;VA1;IN Correction;800;TRUE;Corr. VA1 Entitlement;TRUE;100;IN Entitlement;;
38216;1/1/2023 00:00;VA1;IN Correction;800;TRUE;Corr. VA1 Entitlement;TRUE;100;IN Entitlement;;
38716;1/1/2023 00:00;VA1;IN Correction;800;TRUE;Corr. VA1 Entitlement;TRUE;100;IN Entitlement;;
62594;1/1/2023 00:00;VA1;IN Correction;800;TRUE;Corr. VA1 Entitlement;TRUE;100;IN Entitlement;;
34738;1/1/2023 00:00;VA1;IN Correction;800;TRUE;Corr. VA1 Entitlement;TRUE;100;IN Entitlement;;
34746;1/1/2023 00:00;VA1;IN Correction;800;TRUE;Corr. VA1 Entitlement;TRUE;100;IN Entitlement;;
38649;1/1/2023 00:00;VA1;IN Correction;800;TRUE;Corr. VA1 Entitlement;TRUE;100;IN Entitlement;;
37451;1/1/2023 00:00;VA1;IN Correction;800;TRUE;Corr. VA1 Entitlement;TRUE;100;IN Entitlement;;
69893;1/1/2023 00:00;VA1;IN Correction;800;TRUE;Corr. VA1 Entitlement;TRUE;100;IN Entitlement;;
86035;1/1/2023 00:00;VA1;IN Correction;800;TRUE;Corr. VA1 Entitlement;TRUE;100;IN Entitlement;;
86656;1/1/2023 00:00;VA1;IN Correction;800;TRUE;Corr. VA1 Entitlement;TRUE;100;IN Entitlement;;
91311;1/1/2023 00:00;VA1;IN Correction;800;TRUE;Corr. VA1 Entitlement;TRUE;100;IN Entitlement;;
91679;1/1/2023 00:00;VA1;IN Correction;800;TRUE;Corr. VA1 Entitlement;TRUE;100;IN Entitlement;;
91824;1/1/2023 00:00;VA1;IN Correction;800;TRUE;Corr. VA1 Entitlement;TRUE;100;IN Entitlement;;
93252;1/1/2023 00:00;VA1;IN Correction;800;TRUE;Corr. VA1 Entitlement;TRUE;100;IN Entitlement;;
93576;1/1/2023 00:00;VA1;IN Correction;800;TRUE;Corr. VA1 Entitlement;TRUE;100;IN Entitlement;;
93649;1/1/2023 00:00;VA1;IN Correction;800;TRUE;Corr. VA1 Entitlement;TRUE;100;IN Entitlement;;
93836;1/1/2023 00:00;VA1;IN Correction;800;TRUE;Corr. VA1 Entitlement;TRUE;100;IN Entitlement;;
37832;1/1/2023 00:00;VA1;IN Correction;800;TRUE;Corr. VA1 Entitlement;TRUE;100;IN Entitlement;;
39912;1/1/2023 00:00;VA1;IN Correction;700;TRUE;Corr. VA1 Entitlement;TRUE;100;IN Entitlement;;
39015;1/1/2023 00:00;VA1;IN Correction;700;TRUE;Corr. VA1 Entitlement;TRUE;100;IN Entitlement;;
30028;1/1/2023 00:00;VA1;IN Correction;700;TRUE;Corr. VA1 Entitlement;TRUE;100;IN Entitlement;;
39429;1/1/2023 00:00;VA1;IN Correction;700;TRUE;Corr. VA1 Entitlement;TRUE;100;IN Entitlement;;
86342;1/1/2023 00:00;VA1;IN Correction;700;TRUE;Corr. VA1 Entitlement;TRUE;100;IN Entitlement;;
37526;1/1/2023 00:00;VA1;IN Correction;700;TRUE;Corr. VA1 Entitlement;TRUE;100;IN Entitlement;;
37322;1/1/2023 00:00;VA1;IN Correction;700;TRUE;Corr. VA1 Entitlement;TRUE;100;IN Entitlement;;
67135;1/1/2023 00:00;VA1;IN Correction;700;TRUE;Corr. VA1 Entitlement;TRUE;100;IN Entitlement;;
67330;1/1/2023 00:00;VA1;IN Correction;700;TRUE;Corr. VA1 Entitlement;TRUE;100;IN Entitlement;;
37568;1/1/2023 00:00;VA1;IN Correction;700;TRUE;Corr. VA1 Entitlement;TRUE;100;IN Entitlement;;
69787;1/1/2023 00:00;VA1;IN Correction;700;TRUE;Corr. VA1 Entitlement;TRUE;100;IN Entitlement;;
30043;1/1/2023 00:00;VA1;IN Correction;700;TRUE;Corr. VA1 Entitlement;TRUE;100;IN Entitlement;;
37649;1/1/2023 00:00;VA1;IN Correction;700;TRUE;Corr. VA1 Entitlement;TRUE;100;IN Entitlement;;
37740;1/1/2023 00:00;VA1;IN Correction;700;TRUE;Corr. VA1 Entitlement;TRUE;100;IN Entitlement;;
68819;1/1/2023 00:00;VA1;IN Correction;700;TRUE;Corr. VA1 Entitlement;TRUE;100;IN Entitlement;;
34825;1/1/2023 00:00;VA1;IN Correction;700;TRUE;Corr. VA1 Entitlement;TRUE;100;IN Entitlement;;
64474;1/1/2023 00:00;VA1;IN Correction;700;TRUE;Corr. VA1 Entitlement;TRUE;100;IN Entitlement;;
30307;1/1/2023 00:00;VA1;IN Correction;700;TRUE;Corr. VA1 Entitlement;TRUE;100;IN Entitlement;;
86708;1/1/2023 00:00;VA1;IN Correction;700;TRUE;Corr. VA1 Entitlement;TRUE;100;IN Entitlement;;
86743;1/1/2023 00:00;VA1;IN Correction;700;TRUE;Corr. VA1 Entitlement;TRUE;100;IN Entitlement;;
93194;1/1/2023 00:00;VA1;IN Correction;700;TRUE;Corr. VA1 Entitlement;TRUE;100;IN Entitlement;;
93416;1/1/2023 00:00;VA1;IN Correction;700;TRUE;Corr. VA1 Entitlement;TRUE;100;IN Entitlement;;
34077;1/1/2023 00:00;VA1;IN Correction;700;TRUE;Corr. VA1 Entitlement;TRUE;100;IN Entitlement;;
39143;1/1/2023 00:00;VA1;IN Correction;700;TRUE;Corr. VA1 Entitlement;TRUE;100;IN Entitlement;;
38907;1/1/2023 00:00;VA1;IN Correction;700;TRUE;Corr. VA1 Entitlement;TRUE;100;IN Entitlement;;
35811;1/1/2023 00:00;VA1;IN Correction;700;TRUE;Corr. VA1 Entitlement;TRUE;100;IN Entitlement;;
37819;1/1/2023 00:00;VA1;IN Correction;700;TRUE;Corr. VA1 Entitlement;TRUE;100;IN Entitlement;;
91622;1/1/2023 00:00;VA1;IN Correction;600;TRUE;Corr. VA1 Entitlement;TRUE;100;IN Entitlement;;
38567;1/1/2023 00:00;VA1;IN Correction;600;TRUE;Corr. VA1 Entitlement;TRUE;100;IN Entitlement;;
67752;1/1/2023 00:00;VA1;IN Correction;600;TRUE;Corr. VA1 Entitlement;TRUE;100;IN Entitlement;;
34913;1/1/2023 00:00;VA1;IN Correction;600;TRUE;Corr. VA1 Entitlement;TRUE;100;IN Entitlement;;
38524;1/1/2023 00:00;VA1;IN Correction;600;TRUE;Corr. VA1 Entitlement;TRUE;100;IN Entitlement;;
35313;1/1/2023 00:00;VA1;IN Correction;600;TRUE;Corr. VA1 Entitlement;TRUE;100;IN Entitlement;;
37694;1/1/2023 00:00;VA1;IN Correction;600;TRUE;Corr. VA1 Entitlement;TRUE;100;IN Entitlement;;
37737;1/1/2023 00:00;VA1;IN Correction;600;TRUE;Corr. VA1 Entitlement;TRUE;100;IN Entitlement;;
38791;1/1/2023 00:00;VA1;IN Correction;600;TRUE;Corr. VA1 Entitlement;TRUE;100;IN Entitlement;;
39755;1/1/2023 00:00;VA1;IN Correction;600;TRUE;Corr. VA1 Entitlement;TRUE;100;IN Entitlement;;
62411;1/1/2023 00:00;VA1;IN Correction;600;TRUE;Corr. VA1 Entitlement;TRUE;100;IN Entitlement;;
33686;1/1/2023 00:00;VA1;IN Correction;600;TRUE;Corr. VA1 Entitlement;TRUE;100;IN Entitlement;;
37480;1/1/2023 00:00;VA1;IN Correction;600;TRUE;Corr. VA1 Entitlement;TRUE;100;IN Entitlement;;
38323;1/1/2023 00:00;VA1;IN Correction;600;TRUE;Corr. VA1 Entitlement;TRUE;100;IN Entitlement;;
67314;1/1/2023 00:00;VA1;IN Correction;600;TRUE;Corr. VA1 Entitlement;TRUE;100;IN Entitlement;;
35325;1/1/2023 00:00;VA1;IN Correction;600;TRUE;Corr. VA1 Entitlement;TRUE;100;IN Entitlement;;
86620;1/1/2023 00:00;VA1;IN Correction;600;TRUE;Corr. VA1 Entitlement;TRUE;100;IN Entitlement;;
86711;1/1/2023 00:00;VA1;IN Correction;600;TRUE;Corr. VA1 Entitlement;TRUE;100;IN Entitlement;;
91684;1/1/2023 00:00;VA1;IN Correction;600;TRUE;Corr. VA1 Entitlement;TRUE;100;IN Entitlement;;
92003;1/1/2023 00:00;VA1;IN Correction;600;TRUE;Corr. VA1 Entitlement;TRUE;100;IN Entitlement;;
93582;1/1/2023 00:00;VA1;IN Correction;600;TRUE;Corr. VA1 Entitlement;TRUE;100;IN Entitlement;;
35431;1/1/2023 00:00;VA1;IN Correction;600;TRUE;Corr. VA1 Entitlement;TRUE;100;IN Entitlement;;
35307;1/1/2023 00:00;VA1;IN Correction;500;TRUE;Corr. VA1 Entitlement;TRUE;100;IN Entitlement;;
86596;1/1/2023 00:00;VA1;IN Correction;500;TRUE;Corr. VA1 Entitlement;TRUE;100;IN Entitlement;;
65168;1/1/2023 00:00;VA1;IN Correction;500;TRUE;Corr. VA1 Entitlement;TRUE;100;IN Entitlement;;
37350;1/1/2023 00:00;VA1;IN Correction;500;TRUE;Corr. VA1 Entitlement;TRUE;100;IN Entitlement;;
65140;1/1/2023 00:00;VA1;IN Correction;500;TRUE;Corr. VA1 Entitlement;TRUE;100;IN Entitlement;;
38561;1/1/2023 00:00;VA1;IN Correction;500;TRUE;Corr. VA1 Entitlement;TRUE;100;IN Entitlement;;
39689;1/1/2023 00:00;VA1;IN Correction;500;TRUE;Corr. VA1 Entitlement;TRUE;100;IN Entitlement;;
34662;1/1/2023 00:00;VA1;IN Correction;500;TRUE;Corr. VA1 Entitlement;TRUE;100;IN Entitlement;;
37471;1/1/2023 00:00;VA1;IN Correction;500;TRUE;Corr. VA1 Entitlement;TRUE;100;IN Entitlement;;
34629;1/1/2023 00:00;VA1;IN Correction;500;TRUE;Corr. VA1 Entitlement;TRUE;100;IN Entitlement;;
38701;1/1/2023 00:00;VA1;IN Correction;500;TRUE;Corr. VA1 Entitlement;TRUE;100;IN Entitlement;;
30589;1/1/2023 00:00;VA1;IN Correction;500;TRUE;Corr. VA1 Entitlement;TRUE;100;IN Entitlement;;
34967;1/1/2023 00:00;VA1;IN Correction;500;TRUE;Corr. VA1 Entitlement;TRUE;100;IN Entitlement;;
68621;1/1/2023 00:00;VA1;IN Correction;500;TRUE;Corr. VA1 Entitlement;TRUE;100;IN Entitlement;;
30093;1/1/2023 00:00;VA1;IN Correction;500;TRUE;Corr. VA1 Entitlement;TRUE;100;IN Entitlement;;
86729;1/1/2023 00:00;VA1;IN Correction;500;TRUE;Corr. VA1 Entitlement;TRUE;100;IN Entitlement;;
93594;1/1/2023 00:00;VA1;IN Correction;500;TRUE;Corr. VA1 Entitlement;TRUE;100;IN Entitlement;;
37981;1/1/2023 00:00;VA1;IN Correction;400;TRUE;Corr. VA1 Entitlement;TRUE;100;IN Entitlement;;
38557;1/1/2023 00:00;VA1;IN Correction;400;TRUE;Corr. VA1 Entitlement;TRUE;100;IN Entitlement;;
37496;1/1/2023 00:00;VA1;IN Correction;400;TRUE;Corr. VA1 Entitlement;TRUE;100;IN Entitlement;;
37590;1/1/2023 00:00;VA1;IN Correction;400;TRUE;Corr. VA1 Entitlement;TRUE;100;IN Entitlement;;
38234;1/1/2023 00:00;VA1;IN Correction;400;TRUE;Corr. VA1 Entitlement;TRUE;100;IN Entitlement;;
33410;1/1/2023 00:00;VA1;IN Correction;400;TRUE;Corr. VA1 Entitlement;TRUE;100;IN Entitlement;;
93431;1/1/2023 00:00;VA1;IN Correction;400;TRUE;Corr. VA1 Entitlement;TRUE;100;IN Entitlement;;
37113;1/1/2023 00:00;VA1;IN Correction;400;TRUE;Corr. VA1 Entitlement;TRUE;100;IN Entitlement;;
91315;1/1/2023 00:00;VA1;IN Correction;300;TRUE;Corr. VA1 Entitlement;TRUE;100;IN Entitlement;;
37636;1/1/2023 00:00;VA1;IN Correction;300;TRUE;Corr. VA1 Entitlement;TRUE;100;IN Entitlement;;
34891;1/1/2023 00:00;VA1;IN Correction;300;TRUE;Corr. VA1 Entitlement;TRUE;100;IN Entitlement;;
35348;1/1/2023 00:00;VA1;IN Correction;300;TRUE;Corr. VA1 Entitlement;TRUE;100;IN Entitlement;;
31697;1/1/2023 00:00;VA1;IN Correction;300;TRUE;Corr. VA1 Entitlement;TRUE;100;IN Entitlement;;
38630;1/1/2023 00:00;VA1;IN Correction;300;TRUE;Corr. VA1 Entitlement;TRUE;100;IN Entitlement;;
30994;1/1/2023 00:00;VA1;IN Correction;300;TRUE;Corr. VA1 Entitlement;TRUE;100;IN Entitlement;;
35257;1/1/2023 00:00;VA1;IN Correction;300;TRUE;Corr. VA1 Entitlement;TRUE;100;IN Entitlement;;
69777;1/1/2023 00:00;VA1;IN Correction;200;TRUE;Corr. VA1 Entitlement;TRUE;100;IN Entitlement;;
37550;1/1/2023 00:00;VA1;IN Correction;200;TRUE;Corr. VA1 Entitlement;TRUE;100;IN Entitlement;;
63550;1/1/2023 00:00;VA1;IN Correction;200;TRUE;Corr. VA1 Entitlement;TRUE;100;IN Entitlement;;
37188;1/1/2023 00:00;VA1;IN Correction;200;TRUE;Corr. VA1 Entitlement;TRUE;100;IN Entitlement;;
15857;1/1/2023 00:00;VA1;IN Correction;200;TRUE;Corr. VA1 Entitlement;TRUE;100;IN Entitlement;;
34890;1/1/2023 00:00;VA1;IN Correction;200;TRUE;Corr. VA1 Entitlement;TRUE;100;IN Entitlement;;
39924;1/1/2023 00:00;VA1;IN Correction;200;TRUE;Corr. VA1 Entitlement;TRUE;100;IN Entitlement;;
17094;1/1/2023 00:00;VA1;IN Correction;200;TRUE;Corr. VA1 Entitlement;TRUE;100;IN Entitlement;;
91292;1/1/2023 00:00;VA1;IN Correction;100;TRUE;Corr. VA1 Entitlement;TRUE;100;IN Entitlement;;
34459;1/1/2023 00:00;VA1;IN Correction;100;TRUE;Corr. VA1 Entitlement;TRUE;100;IN Entitlement;;
39669;1/1/2023 00:00;VA1;IN Correction;100;TRUE;Corr. VA1 Entitlement;TRUE;100;IN Entitlement;;
92017;1/1/2023 00:00;VA1;IN Correction;100;TRUE;Corr. VA1 Entitlement;TRUE;100;IN Entitlement;;
79156;1/1/2023 00:00;VA1;IN Correction;3000;TRUE;Corr. VA1 Entitlement;TRUE;100;IN Entitlement;;
93735;1/1/2023 00:00;VA1;IN Correction;3000;TRUE;Corr. VA1 Entitlement;TRUE;100;IN Entitlement;;
79672;1/1/2023 00:00;VA1;IN Correction;2900;TRUE;Corr. VA1 Entitlement;TRUE;100;IN Entitlement;;
75782;1/1/2023 00:00;VA1;IN Correction;2700;TRUE;Corr. VA1 Entitlement;TRUE;100;IN Entitlement;;
94643;1/1/2023 00:00;VA1;IN Correction;2700;TRUE;Corr. VA1 Entitlement;TRUE;100;IN Entitlement;;
91806;1/1/2023 00:00;VA1;IN Correction;2600;TRUE;Corr. VA1 Entitlement;TRUE;100;IN Entitlement;;
12247;1/1/2023 00:00;VA1;IN Correction;2400;TRUE;Corr. VA1 Entitlement;TRUE;100;IN Entitlement;;
13949;1/1/2023 00:00;VA1;IN Correction;2400;TRUE;Corr. VA1 Entitlement;TRUE;100;IN Entitlement;;
47605;1/1/2023 00:00;VA1;IN Correction;2400;TRUE;Corr. VA1 Entitlement;TRUE;100;IN Entitlement;;
75989;1/1/2023 00:00;VA1;IN Correction;2400;TRUE;Corr. VA1 Entitlement;TRUE;100;IN Entitlement;;
94491;1/1/2023 00:00;VA1;IN Correction;2400;TRUE;Corr. VA1 Entitlement;TRUE;100;IN Entitlement;;
94492;1/1/2023 00:00;VA1;IN Correction;2400;TRUE;Corr. VA1 Entitlement;TRUE;100;IN Entitlement;;
94494;1/1/2023 00:00;VA1;IN Correction;2400;TRUE;Corr. VA1 Entitlement;TRUE;100;IN Entitlement;;
94510;1/1/2023 00:00;VA1;IN Correction;2400;TRUE;Corr. VA1 Entitlement;TRUE;100;IN Entitlement;;
94545;1/1/2023 00:00;VA1;IN Correction;2400;TRUE;Corr. VA1 Entitlement;TRUE;100;IN Entitlement;;
76001;1/1/2023 00:00;VA1;IN Correction;2100;TRUE;Corr. VA1 Entitlement;TRUE;100;IN Entitlement;;
42526;1/1/2023 00:00;VA1;IN Correction;2000;TRUE;Corr. VA1 Entitlement;TRUE;100;IN Entitlement;;
48662;1/1/2023 00:00;VA1;IN Correction;2000;TRUE;Corr. VA1 Entitlement;TRUE;100;IN Entitlement;;
79744;1/1/2023 00:00;VA1;IN Correction;2000;TRUE;Corr. VA1 Entitlement;TRUE;100;IN Entitlement;;
79816;1/1/2023 00:00;VA1;IN Correction;1700;TRUE;Corr. VA1 Entitlement;TRUE;100;IN Entitlement;;
45715;1/1/2023 00:00;VA1;IN Correction;1400;TRUE;Corr. VA1 Entitlement;TRUE;100;IN Entitlement;;
47121;1/1/2023 00:00;VA1;IN Correction;1400;TRUE;Corr. VA1 Entitlement;TRUE;100;IN Entitlement;;
48542;1/1/2023 00:00;VA1;IN Correction;1400;TRUE;Corr. VA1 Entitlement;TRUE;100;IN Entitlement;;
79397;1/1/2023 00:00;VA1;IN Correction;1400;TRUE;Corr. VA1 Entitlement;TRUE;100;IN Entitlement;;
29376;1/1/2023 00:00;VA1;IN Correction;1200;TRUE;Corr. VA1 Entitlement;TRUE;100;IN Entitlement;;
11075;1/1/2023 00:00;VA1;IN Correction;1100;TRUE;Corr. VA1 Entitlement;TRUE;100;IN Entitlement;;
11211;1/1/2023 00:00;VA1;IN Correction;1100;TRUE;Corr. VA1 Entitlement;TRUE;100;IN Entitlement;;
17060;1/1/2023 00:00;VA1;IN Correction;1100;TRUE;Corr. VA1 Entitlement;TRUE;100;IN Entitlement;;
42857;1/1/2023 00:00;VA1;IN Correction;1100;TRUE;Corr. VA1 Entitlement;TRUE;100;IN Entitlement;;
17552;1/1/2023 00:00;VA1;IN Correction;700;TRUE;Corr. VA1 Entitlement;TRUE;100;IN Entitlement;;
10580;1/1/2023 00:00;VA1;IN Correction;400;TRUE;Corr. VA1 Entitlement;TRUE;100;IN Entitlement;;
14189;1/1/2023 00:00;VA1;IN Correction;400;TRUE;Corr. VA1 Entitlement;TRUE;100;IN Entitlement;;
16271;1/1/2023 00:00;VA1;IN Correction;300;TRUE;Corr. VA1 Entitlement;TRUE;100;IN Entitlement;;
10237;1/1/2023 00:00;VA1;IN Correction;200;TRUE;Corr. VA1 Entitlement;TRUE;100;IN Entitlement;;
17415;1/1/2023 00:00;VA1;IN Correction;200;TRUE;Corr. VA1 Entitlement;TRUE;100;IN Entitlement;;
19957;1/1/2023 00:00;VA1;IN Correction;200;TRUE;Corr. VA1 Entitlement;TRUE;100;IN Entitlement;;
10873;1/1/2023 00:00;VA1;IN Correction;100;TRUE;Corr. VA1 Entitlement;TRUE;100;IN Entitlement;;
