0XE/wARKSa689UnCQMPD6A==;31622
13oDj3kISneS0Z1ZEMaMbw==;35092
5+xOHlIMRcK8lTUnc8BwGg==;38210
75tYYWXyRpa2v2l6bZYxGQ==;86739
DmxYvT15SGG0Nx3Vy2faoQ==;86662
EgtOWhnkSJWxl1OdvEO/EA==;37835
FCg62KUQTlCrHVeUXtVDcQ==;31622
Hps1bIpXQfyc6lTIRSiYZA==;75582
J7AbFvtcSoOGBxohuPpZRg==;38630
JXIyd4KTSgyDLtkTtpJJIg==;68109
MZiu0SeNSuqiWoDzYpSY3w==;75582
P18l8AqXTLikdR2nVL6t1A==;34982
PUoCQgZXRfOxwWkMu1PwHA==;68109
SOVYxiDURASry1rfps1NTQ==;30829
TBOBJ2anRoSqlKTqadUUYw==;37633
UmJOuUqkSCm/tK6f2tdL9Q==;38588
YxryYYgfRgiZWxrItck5ww==;37911
ZgA+JNzuSOG6klCzQcROXQ==;91309
dM53MAd+RdapcGkc1Vwevg==;39400
djAecXjsSt68LK/etFY7nQ==;68442
dyxKI3LWRTOPMon+16YE5w==;75582
go/P3Fm2Qp2/VyW4OUcLrw==;66532
gzic7kPRT3uv8WSitwsv6w==;30010
irMe+CQfTSm4vdDZoE7ojQ==;86702
jMEBJIyGS+eerJUZrevcpw==;38630
q//eCWDxTtmAw6YbJzQN2g==;76005
qMCfH24LSqqMi4n75qIfeQ==;91681
uA8ifo3sQ6GV1FfjL1X1rw==;65717
uMxQB+rkTSKup0jft9C2mQ==;86739
uO+u+1fUTqm05U5rBvLaUA==;91293
xzdfjTk7QwmqDrPbvmrdrQ==;30201
yTY42z3mQ5Cq0+kYyLyq8w==;37911
ygXdaY7/Q46wRTc0+IVxWQ==;39554
yplMTQKtTMaIMTeILdeEoA==;30388
8gcOpt2dRUKdbNEMOStroQ==;34720
HFvKIsKPS7+65rWcYC8TAA==;35484
VmOi8FurSsKhq77+ATL+VQ==;23667
VuOgk/4ISzaVKabFrQZ5zw==;38835
acHNg+KGSJSkfH4229WTIg==;69777
kiKUcIetTFOiQMVMi6NjQw==;32853
yIzp8Hf2SUC4DkhQATaNLg==;39477
+2QjHsTLRF+WB6d0gRhVhw==;86714
+AYlUXqhQaa7RxJEr0S7XQ==;38873
+JkvJe2uRfSwmHcNJXlTdA==;62594
+aBvugEcRhqxLQjNxFBrCQ==;91824
+bmINWewSiS5vrZvOH+siw==;34630
+gr8v3SDTDObYJN7WnCDqA==;62334
/+QmayaHTJeTwxMa6D/Pmg==;93637
/4RaePuGR+eQm4kadydvgQ==;37128
/6GEbWkjTAq5GiSkZ4Semw==;37526
/AbVdmr4SRWfcunEKL6lQw==;93751
/mNAIen1TvOfkevaqUHcFw==;35675
/p3hN5q6RLS/mCKf8llZIA==;38072
/puMrpESQp+Vvw2PXrBotA==;31925
0AAK1x81T16PLK/8lVy2cg==;39374
0RUI8i1hSCyxlM5nXkpbjg==;17475
0ceVk02eSfGuQkr6JaqobA==;34614
0doWD/gcQpKGVk/Rw3SRcA==;61668
0fauAsyWRZ6QC+iFwo4H1A==;39805
0hqRWwMASH+IcfuVRzGTZw==;30767
0wBtvp/nTB6HFD7izyC4RQ==;39428
14Ky16/8SmeOPS/Q+nl2ww==;65730
14ypggz+SxGPV04b8v+AzA==;34780
1Epzr9VsQ0yAmXcPSl38rw==;38234
1OEVUxsAQ1CSkmzy3vhqLg==;37169
1eG6lDaGRiywJr3XDTbnoQ==;30008
1qwz/RXFQO+9NvKj24dXDQ==;35484
22+yb7gDRF+YIhyooWo89g==;37127
283JNvIUTjuc57fF/RcJzA==;39827
2G1bU05yRnqiaCUve4wR6A==;34857
2JVsSde4SP+yuzspzNsQcQ==;35519
2Oj/u7lpSjyHk79XZ8tueg==;34461
2WgKty6BTYGV0U1bw8qkLw==;36867
2k4lnsvRQO25ogv0wAqy0Q==;17883
2ps1G2IES3WZNp/HwTMCCw==;93836
2qS7T5LjQwSYDZFz+GDM+g==;32853
2rr5Vk7mRQ6oYfa0UkQKlg==;38716
30zIESA5RNOX8zabKEPLNQ==;86705
39e1Mr4FTfeHuoSbRTUfOQ==;37188
3t63/Z4KS8Cog3ODZxpFfQ==;31781
3uxCx+5hRymhwhyomdxGTg==;38565
400RuGhCTA2yq0xcfGmzIQ==;37455
45W0jVM5QmGIG9vWUXY8gg==;34845
48yfo7F0SPWT2lHW1d1fig==;37168
4D2K49HPSTOjO7zgGkw9+g==;37866
4aep6cM1T8y29lr+lkwDsQ==;38909
4bSlZ4NWT/Ce4Z5VzlvCdw==;61636
4qvbVxPwTx6ukjXevOBGrg==;38629
53kWGuDBTBe7cdhXBFj6cQ==;93379
57IXSW+1Rzi6AmhO0/GmuQ==;93318
5CYAntxFSRSYqfWaCwDSvw==;86858
5YULwqtTSB+i2fMUEMFdTQ==;15857
5fE2NLFRQfiGLVMdF2KC2Q==;93534
5n1aFOsUSCykZvUQuQdx0Q==;39689
64sMavslR5qynG6Ffjwjfw==;30752
6C9h7/NGSMu2UsBiUCurrw==;53269
6CtnGU2fRLKcQ2ChcU81/A==;34629
6GBkC4v/Tc+Uh40vYH4Wtg==;34511
6WXRKQF5RI6iwTcJYlgs3Q==;94673
6dXm5GVfSPeocEqzykyKZA==;30744
6hT6bJ0ERxiDuqrKxOmMuw==;62907
6xdKu2ICSMyDpEc2prepOw==;38683
6xpSl8uTQYmUzWFk+ugDIg==;38538
72/pfnFiTFGSQhqLIRfPUw==;35927
7GJHkYHuQYO1N2sj4Ztgng==;35509
7JDA3+s7SomHOpTH6KzV1Q==;35713
7M397Kr3QsiYGwVmeWGALA==;37818
7cO4flxiTOiPPZwB9S8CCg==;28618
7m/9ukpjScy3REpW7Yxb/A==;91794
84wucxWCSGW0kodyY5v2Cw==;28964
88ybN4ZeRcmqt+anhd59uQ==;86057
89fWXEHaR5i8SxS06F4Apg==;39780
8M1ZturITNua/ywpl6n+Sg==;37087
8xtTB2i8SEWynVXlofPZoA==;37918
91Zp9ja/S6KGOCUlnP+qvQ==;34891
937SC5gMRYqU/2REL30onw==;39478
9J6U9ro9QaiXI+WTZFMJrw==;39354
9nxeoH7VSAKe3ruomF9N4Q==;39003
9o5KhNFJRvuJCnoy/9fgyQ==;35873
A0jNJwbYQfm7SvTgkukvoA==;37289
AImGVEe7S5mGS+tp3K4r+A==;30829
AJ/I0f95TSebghmRn9GYUA==;91315
AYxaRb13Q/G8JDI6Qcp3MQ==;37744
AmYIm+97TRC+KJwDbiIgHg==;34634
ArSYYCYOTpmrrH/Zs4eStA==;37156
Ax85d1zTQNKMrTChUsigxw==;86561
Az8FSvsoT4uLYd3LkKoYdQ==;37096
B+Y9mnyGRuaJ6/nTV2w/Ag==;62679
BQ6tQZcDQmetDp2cseojng==;39103
BmKpCgxJQQubP9ilF8LyXw==;34995
BzKNFdw4TsueyfC/u0OU2w==;34720
CFlWKXDNQA+QWqNoFteUqQ==;38040
CKVbWzvrTfuNOws3u36GQQ==;23667
CWBs4moQQ52+m/uwiAhWLg==;33910
CWaCa+NLRiqaZkKZXlzdoA==;86743
CcvRE3qpS3amVEKmQ1J+QA==;66681
DI0mdWblT3u1CS6g9tSI4Q==;91359
DM0DCj08TJSeekBroaEmJQ==;37200
Di3HpKDURNyCHC7aiJJIgQ==;39260
E+uikkDcRbqXlCytpIbQmw==;39826
E1ukNZj7SJi2Hfgtr9SRXQ==;61707
EPapcH70RDGsMQ+FeGSj8g==;38630
EYyjjxn7Q1yYurfmk9GpUw==;91684
EhWHXS+4RPigrRJ6aKdOsA==;86616
EsduITxKRSOj6QaPVxBqsw==;86729
F1rN+GWkS9yQ4BxhX+RDlA==;94537
F9rwt3K6TnWglIXHPAobVQ==;37819
FE6jx8kOT56HlfdmfDGSjg==;69200
FNNXTtc9SaWYHUC20VcVkw==;66368
FO4EE+FATeuLS6cLJMCc2A==;68819
Ffrvd18PSzO0qrH4J0LurA==;38552
FktD9yhBRganFoMmRXBa1w==;37769
FrgB4EHNS/aWHEiKrB7wIw==;62131
G24J4EKMQIelvRgbz7bsYw==;38595
G7Vb3fyvRn+VrcO+pNDK1Q==;37805
GBcNkSkSR6OlpMWPOZPdAg==;38903
GCvC9PiHQ7aH/74b82O+yA==;39837
GUE+DihoRS6tF9+gc7BqKg==;69727
GXrLVk0iRuWHZJnQim9WUg==;35408
Gbh8sJlRQkevt8Hv5D+b4g==;34586
GsKv/4ZORjWVmGm2g21kXg==;93407
GuyUCiEVSDmKKkPZd5Ui3Q==;39118
H7o93FvNSDWsjuGfSa3QqA==;33516
HEpmjFytRMqZoRtAZvRcZA==;93649
HFNHbRXqQYaXyaekT42Fdg==;39670
HGNc74BEQsaapV5cvrlFPg==;37575
HIcrn4xEQyy4e5AF7oqRXw==;63241
HOCX/uVqRt+prX/c5VIQHA==;86708
HVaDF+yNTZOxwHI7iNaAdw==;39594
HaKd92KPSfuPn3WRaz6jmg==;39911
HgILWFSoQ+WdRun4t8dntw==;39056
HmwLf3vkQWWulub92SPC1w==;37966
HpGTJ66QSPC6RpdqNNdCwQ==;32915
HpIirlkeR4C693eHYY2wow==;37765
I0gQTRQqRFWZwi1BxFxpUw==;38540
I1M9t203QOu+mCeCcGy7SA==;86596
IFf4Y2mgSCmp2kVa417o6w==;35641
IYqrR6Q8T5qhq6SRBAEzYw==;39643
IaqPfN64TDWIj+sZa/xitw==;34709
IdoKL0FhQHmNhbphSyKGTA==;37755
IlF/inmbTPGuPxKEqX1Xew==;38524
ImLdA5JNQNmIK3JPgrIqTg==;10069
J06P02unRTGrpU53wkh24g==;39273
JIntNlNGTTCynXGnU/vBIQ==;62411
JazsM4lhTzWd8P5uTGK4cQ==;34478
JsCXHQIqRvaVxYzmTUviMw==;34580
JzB7yPsFSfqit5t4fT8keQ==;93413
KDwZXNCJTziK1fsuJOOxNA==;39906
KbkdU4U7S3eUphwdi1HREA==;30201
KkQOqmboT5CvHu5eS8Tg0g==;38199
L+zlN4EIQMSSr3GoRhbcgw==;30043
L10Ki2KASLa0pMxoBSOLXw==;37870
LAa/FwjwQt6CjD8h3lSHQQ==;38567
LEYawcrMSGe3cwvcFbbdEw==;37563
LHYfKisDSiai1Ua3zBWMIA==;37480
LOPpOxDUSwWmnPZoVgtdeA==;34871
LXmve84gQqG3jvd8sUUtfA==;30651
Lc0UNJCzT2evCGSF7PHYvQ==;94610
LuWPcGBpR++jr5ooYkhTXg==;63057
MFIi9d7jTo2p6NjS/Oa0Fg==;92017
MKHH1++wTBK2ZJB2ASZicg==;37924
MVSMSghaRuaChcLva8CGUA==;26971
MZGhqvgRT0SDWBn7BH9rTQ==;38521
MiPsf+3gTvySzQ4i0XHpjQ==;36289
MkKG9u20Si+tHTIH7//5hA==;64750
MuBcI87pSe6NFIxQBoZCuw==;30599
MvwIf2dDTL+82bs4okwkcA==;63222
MzSCEnq/SxKq8Ctm7r/Grg==;37089
N5p5OXhJSk2F6kkq/bV13A==;36064
NLaaLpgRRO+ruV+J1MpnPQ==;37342
NW8qAzZzQIOF7Sc3McPkEA==;37874
NhPvmWixSCiFn8iBR3lK/Q==;30989
NkiLjJ2IS9WNRukwQlLV+A==;34794
Nl0sGpwqSXmFWP4SpCaJpw==;37649
NlHflK0xSfuMVYMi2Ip5aQ==;67330
Nq/HJZhDSsOU9kFk01JWRw==;36047
NqO0+5e2RE6aBIorM4KyfQ==;37139
NtRL2CA/S/aHRWk/TLPEzg==;35161
O4G9/d6jT7Wd1acLrkmubg==;69754
OaPR72VoQK2xJK6wCJTOng==;39384
Oov5NIhNS5SLyDUgaSiehw==;16566
OrDUpwNOTrG+p32gfpPndw==;11238
OsW90wjbS9CkD8VGSpiM3w==;38859
P/+e3PZKS5iaBkdXRbiXAw==;67826
P8vZJSK4Shy3P7jj0lnhlQ==;38561
PcWyGmukQEuWego/ociETQ==;32246
PfO+syOKQhKvE8qW6VlksQ==;38323
PgyXb+B0Q3ml+i5MWrloRg==;64474
Q9Rrkn9rQI+LrDsXNu5QYQ==;94575
QFtP0v/pShOaWYnUJ9sVaQ==;12378
QOL+5dFGRpiEi8wxDGVopw==;39065
QZYEUPdCSxuUt0Jr4fdXqA==;35307
QeL78jPpT7WRfzaOdvfnWA==;69861
QlXCPCl6TTuB24pH2jON9Q==;31697
Qn451RIHSGemFocdWIsArA==;30997
Qr11Fum3SB+u7kVb72WwFA==;37550
Qz3xwvwWSym0ObK0lsDl6Q==;34459
R5tUsQLUTN671bs+gR9cKA==;35900
RFnLMSF8R2Gj4OlRoetBuw==;37859
RRTcB2JSRU2mJNYS0dciFQ==;37864
Rbf2E2/iThChfdQ3O3ttmA==;30589
RpRV7bRLTYuvH8ubRCKRKw==;38220
Rvnw9OgxT1uiHCJpzOOImA==;39924
S8DZC5ASR86+fxK8Myl+Yg==;38798
SCukJRh6TK6yq9KyhCSK6Q==;35016
SFIjk3voTkmDGhi+NqkU7Q==;93431
SMU5LcsiTO6uaP3aIUo/mw==;62093
SSP0wME0QcawdEDIaUpqMg==;34825
SSnmyczzTYy+HSmG1d75Bg==;39427
SWhEGykGQ+mPTQnxVV7pRw==;34143
SaBh0eqLQdeMlCT5JPxk8Q==;37636
SdiO7rOZSkykztHZSSFv2A==;65168
Su62S6IWRseCs8WGXhxSJA==;34398
SzwBqxvJRMqw09Tc1at8dQ==;68372
T+9DtlIoToyVT3m/B0FPkw==;34913
TANDa+nLS52OF+TDwtiFHA==;35282
TBM3d8e+TRSNmcWuSxRN1Q==;37350
TLYhZOj8Q7SkOkSOWMzqSA==;30196
TNoIK5h5R2WMV/9K9WaJXA==;38605
TOFR5C8xQGWDQaIPCcNi5g==;27350
TOho3ie8R6OHfcVRmz+QaQ==;92003
TQIoOItVRgC0CVW5Rx96Vg==;34961
TZYtoOK/QeyMHdYjzwVcTQ==;93582
TbmMFzqpSga3bBn3vmUKUw==;30028
TfwxiEMSRLa05xeb6X4e1A==;37487
Th/ZTCykQG2Ta7rX97uEkA==;86711
Tkqv1BCJS3q+6f37aSB4lg==;35080
Tn7EjUQESWCOJmFLxYSI/A==;35097
TolMjxXxQbeERC56wZrwdQ==;34938
TrKLo3YYQJqftZd1RFNzVA==;34498
TyjcJfsKQRSyzy5nly6Ing==;30677
UZ7aTTQ3RRa7atxwuwMKGA==;39669
Uib6te+3QsK72ru8QkF2Hg==;35604
Um9bGq9vSeqwtMYy5gDFtg==;39834
UyK2ZnM3QwWvAVYzysH/0w==;39563
V+SmMxbcRiOI+ApnwyxERw==;35106
V4I80vedSoSHBSlnq8Pjiw==;37190
V6Knlqx/R4iOXrPHY1y6NA==;38701
VEEPFKPyTq2ZyPLCbdMJTw==;33686
VFqQPZQOQVCfowznPeEs1A==;67135
VG02rH8wQb2jxOvm1s3IvQ==;37960
VHOQOUPiSw+2FwMjn2ydZg==;39589
VJ2b/LgiTMuX/DHN2S1l1g==;94538
VQlGDPwJRnarpTilZn4VWg==;36445
VVcqt1h3T4qhDCGWE1nbDQ==;39280
VXl8MLIGTzGjOCqKEEFBEA==;93252
Vo9daeewSoa5X9sMAwkIwA==;75582
WDpoUrcCSUmd1rzukjd0wQ==;38553
WFFm1QsGRwWVysZhPIA/LQ==;35573
WGLQyCs0ReS2dYfQK1NF5w==;68603
WIObe4sFS4ySTkfivstjqA==;39264
WImynQv8TKCbebS1WqJW2w==;37471
WPwdf4TWSzq6Zny8TC3+AA==;34355
WScyOrNjSLmHI4pQkX+GKg==;35058
Wb30PRdkT6irTAtSI9Oe2g==;62341
Wet2B8LiSE6jOvlAYIoiuQ==;39351
WfW1Flq9QY+2rPYhLpWexw==;39912
WixHWV8uSUOKCmIw6ZWnnQ==;37529
WuiDujCqRkKSGVdneN5qVg==;91292
X/jzxsq+Sqmvt5hcf/4C7g==;68685
X1ioW3pjTRO4DTf0ATj4Eg==;17091
X2hzltgeQ+yvYeu0C8Z7sQ==;34231
X4nplEJEQU6f1mb6Sj6TLQ==;37694
X6p82uR7QQKgWysC3awtAA==;38623
XB8gP/NFTVe5+RW0JTzS9A==;35001
XBQBdeRsQ2GEPJ04rYHGdg==;37122
XC46XGXXSnu0ERuq+VqdCQ==;39558
XHEcbWAcQtWiyu3vXhr3pA==;86576
XXESzaPNQ/6a0yXpSGuLoA==;38627
Xfvld576RmGZ0pIVlKs2fQ==;38052
XkoWTZJWT6ybUnU/Cj1UyA==;39701
XqWfXmPTSFWQlFJKbhUhHA==;35029
Y3tZmKQPRZG3nsejmgNWpA==;30388
YBGgJSqdQy6/RWEtEIEXWw==;94556
YGqqaHKhR1WLP1n7P1YB8w==;31622
YI/1Z26wRECdGzeDlP4YlA==;38334
YLSPeDCASXyZlfwU6Ea0oQ==;37971
YXK3cVQeSnmYIH72ATrDOQ==;34943
YZ+O4V88SQOkkAW4vTMXCg==;35779
YlA9m6bGTFefz+zluY6xFA==;37163
Yt/31h5BTyGImXpeaX+QDQ==;67654
Yu52r1IlSrG72QmTtBZ5Gg==;86354
Yzs3BDs3T367qSiFupVt2A==;39131
Z/yl1WbGTYGSINHsK5qsQg==;37740
Z1WS12C5RjyGZvif5FHAZg==;30992
Z5BkxqI1TtyeGtEeZAtyRA==;94609
Z5Kv7MqcSpSerxFCXmYfdA==;31780
ZC9mVBV/RCOCfuIYZbliug==;38864
ZD0j7xPVTneUqv5dVtD8/w==;86026
ZW455MhsSAWameDDfwGc9g==;34878
ZbAirK0jQXOQgxyNs9knEA==;38216
ZjJoZeD8QdmaqxHNqBdC8Q==;39248
a1XV/JJZShyVpnLj7R9fiA==;38557
aGU7c8pYSRGL9KdGq0rO1Q==;86633
aJuRaR9rRl6KEUkqzzjCGA==;35406
abASiWGKTcChR0D1pu8d2Q==;33886
ag6NWDSnSbu6BqD83NIFUw==;34738
amHZXQlySOG7WlfjG39IVw==;33410
axxRMR0IQr6VrHNHegCs1w==;65693
bA9rCeyAR2eNKy+2vOqN1Q==;93832
bCx6dSWqRh6y12vpiCUHDA==;37597
bDkhHOU9SM68273vTM2rpg==;63524
bHQXJ6dRSuC9xDW6pM7AcQ==;38886
bM36m10ySee8GUJlDxCdHg==;38245
bMRDnoruRSmNvn2FjSK/Dw==;34916
bSy7oNzITWyIGmNxskkUNA==;34081
bcftrgQAQLmtDitUHCoOrQ==;38292
c83SFFZ9Q7qWVGxL02wapQ==;62108
c8MqEh3UQdeyfqQyibo1Sw==;34222
cE1vWpS6SlqjhvZMrcDgyw==;37788
cKUmlH87SCe4MpgKkJ8S6g==;37835
cUs8z0e+SweNXN2HC0QQKg==;33559
cWSWrDNPTZu1HoYTs8+EtQ==;69787
ceBS3FvOSIKZbakZOTZIGA==;34662
cgf3zfu8Sr+G4x9104xzaQ==;39285
cvrymxwZQiOGeOSanDM0aw==;91311
d7I6yQUsRM2+Nic+qHosYg==;62863
dJLjuJfeQsW8m+4o2jBjDQ==;63367
dWEdvCkYQrehLmF3/9wm5Q==;39037
eBYEPeiISN62MlUDMHUMSg==;39298
eBtKCLGJQoyx9aWelQG2GA==;37322
eRKcmqt6Rg+JIU+hQUKaAg==;91297
egZ9+m4UTyWm6yU9mUViDQ==;35313
egiI/BuGRfWEmfC+nNtzDA==;38634
ejdpmPimSEqTLxal1YY7Pg==;66988
ekW4byOCQzOFTnIxQULvuA==;68714
euLgMxRzQsul/xC4sp4zkQ==;39108
f0pE1nhbTSyTj45mrFhc4A==;38204
fM12dc2fSneH4p5ghKgjFw==;93412
fNhRCWg+SHKy4h4EndM7dQ==;30592
fXsi9TZPTKubIuI/tK91UA==;38613
fj4wl94jRPabkOi4CRNSIw==;38648
gXFyM+IWSfSHoSJemug1pA==;37820
gaQ0JSFPRLOYewDpX1SedA==;35030
gfboCEncROaw7KAKzHvioQ==;86624
gu+gwsqxT2mxOFib7eI2iA==;67314
gvQLi+m2T+C1T3IYAP9dgA==;34746
gzkKkcutRt2ec7B4XiP4Pg==;34483
h7JdriYCTc2q7eirrnmr1w==;35298
hBfUfdfQSuC0EqVAr+G2xQ==;37091
hJAPdJkLTXKmM4TBVfa1hw==;91826
hP4pZK1OQPGtfbNMmi5K9Q==;38624
hPX90ihAQCSdhCmdBa4cqQ==;38226
hWiawS2fQpmkkBw0C5AUNA==;93594
hdJjyNPmRRKYLTFTIpNAIA==;35848
hiyeLAxFS4unz579WfSUYQ==;39313
hmNBUnsoRoKMX4AherWrxA==;30764
hoQudOFoRgW9zq7GEBmnWA==;39882
hxt9YuZdTZCqGT6w7PMfmg==;39390
i/fmdXVXSzWsI4u2vKo3Ag==;39626
i5hboiloTY+s6KxzAf1ENA==;37737
i7h9K+fyQrKohlMHuEUhDA==;62451
iN+aG2v/QECtjG8L9RpFmw==;68848
iQxPcUUuTI+U+2FP7KBZHA==;37496
iYh3WdI3Q0+Lj/G882nA8Q==;85039
ipdLYhvITqqegZ1Clvyr8g==;37007
iptGjq3sT3qmSXr5EEj8ug==;65140
iqAwRQ1nQZWxhDKy3RbVcA==;93194
iuZ98SM3TeWWkW7sAvrYcw==;30071
ixpOotelSAS3fqHB5iC60A==;67608
j/+i4ElKQjuwusFPt5ZEFg==;37460
jJ1jOXMuT1eVb97Cg8K5pw==;34474
jJWsIJ/cSRyiwOSDe4uRXQ==;39402
jKitBzZCSAyGPeEhEnXKkA==;38562
jWkRM72oT5KVH5wgJz9Yog==;29424
jb68mKFrQyK2Fxmy0lkE8g==;38975
jf6+javDREy8tAFHyFdmHg==;37907
jmaZTI2rScOM8ZSpykbwkA==;65717
jom27DVATDKpgPLNC5zuQQ==;69777
jxaTPNGtSl2rMz05mAAXOg==;64821
kE5lgShHQ16bLZQpOVL8yw==;67752
kHLwYZNoQQiIImOzzwY6og==;61656
kIBAv8JZTy+6f8GePTSeJA==;37568
kMA0Fw+zQnWt+DjY6JYUug==;35320
kSTdL7w6QziTSXX1YHE2Vg==;37360
keIQl0dVRcmn8lg3luJ17Q==;91679
kgcUoW6TSI2FqccIU76bng==;39250
kv+KF6cVSkGLnNkckAFQHg==;38907
kvZdFuS3ShmB+i2vuxWc2w==;94594
kwwAwA1gS6KaJ473nEFOuw==;86599
kx7s2T1EQ5uwBmwMmc5DEg==;38237
kxOf8BdERe+lbNr/Ax8gAw==;38828
ky+idnz6Qaq8hPNEiGctUQ==;39755
l4yHyJZfTlGsrkAo89S2jg==;17094
lLRdtgiATxW2nVULyifihg==;91778
lOhiSvW0TUCWWM4Ul5AmCw==;39078
lXYPiyzFRImWBaDU9dI9uw==;37587
lZjOxpNVQQ+ZuHxPHrzE+Q==;26101
lfhZ0cKtQQWqIYS35f9p0A==;34748
lyEbOfi3RdOTtDp3MmGJZQ==;39389
m+B4RHD3TTOmLi3NnYXBuA==;37942
m9rmUHg8RR2Er5Rdcl8tdQ==;35011
mIJ7ighcSJqED+NPgG3bdw==;35903
mVvOT4T/Qz6QU7dFiQ4Npw==;30307
mW1HbualSh2hT3iXxpAXZg==;39707
mX1B219TQAu+GuoLlBok6w==;38046
merYMjtkTVeQ4Whc171vmA==;93752
mgUaV6deQHOunbrvCB7ImQ==;39642
mo/BMHA7QBmydWh5GN0fCg==;93432
mt+Wc8sATXuD+y/xFZ4Qwg==;93576
mxBj23qXRNiiBSd+fu4cmQ==;38210
mzhUsXARQZ2VXob15dVFtA==;39048
n/6H4qdpSwCv9zVj9DUPTQ==;35228
nUtqB6pWSOmtu4B2U0vlSg==;94702
nZltdrVmTvWqQXFj76rE8w==;35257
o4NkkjzJRAmOLGT5fX8zBQ==;30409
o7anrIfoSla5g3sFR393hg==;67620
oLBdBOzQRwC+eMYAx2/enA==;37490
omKOXgZORqeOk+3K33Qq8g==;34717
ooQV3KKrRJSqDQUIFb1LXg==;38791
op4FHxxEQ0qOUnvEXnQhYg==;93480
orBlxwiiSBeB/4IjYKW8pA==;35791
orc4LiHlRd2yTjodHRmwjA==;37569
otWdgFvUTDS5WrsIcBKOWw==;91343
p3pZWBuOSJ26pvieRjtfgQ==;37593
pTViD5zwQXaqRVa3mH3Deg==;34251
peEovGYJQ/uaHozmEbhy0A==;31784
pmsdCv9RTUeAlF02OBVspg==;34797
ppOOH8FdQSiqpIXnEFsKhQ==;38883
prJvh7glQf+j2bYP6T0fBQ==;34757
pyaD8CpMR4OAcaLneZOcrw==;37981
pyi7/xXCSDqkia06qUpVXw==;37664
q4EiOtCsQoSOS0v7IE9qBA==;86342
qakflcRJRXOqXeSImSvcAQ==;39696
qieOKf24QAKpO+F4O3efPg==;35501
qjXVdwsES26mo1vR0PXHCA==;37195
qxCtfyIfReCF87yvq4+/Cw==;38879
rKvOxE+IS/Ogv4NsHqNY3A==;93378
rM00nDrnQwmRI0vwAzVBKg==;38229
rQ0cI6e6SteI8F5+y5CGsg==;63550
rXJA7GDsS8603sirj7SSzQ==;69794
rmXg2ZNCSo6pGQkbmso22g==;37492
rp/CFH4oTGyow5HzjAmd8w==;34449
rwm8DXy3RDO3d07DTTHiQg==;93515
rxKA6KOPQmGsUWfl8nYSYA==;38045
s+yoLsIWRl2Bba+p3okZUg==;34175
sU5sX90GTqi5aSvZxKfenA==;34967
seL0Q8tjSOmzvwokSi93sg==;86702
t9mj8wW4RcSSF5thcybudw==;37276
tBoFOIBsTliCpGCo4/bLXw==;67542
tBwzasgVSoGpK5yQUohZmQ==;35348
tFEgT4mdRJ+RB2LO9F0itA==;91927
taaCl6pLRcGy4TfMTn/yYQ==;30297
tbb4JuZMR66PDqpNj2g9Ow==;39628
tv3E+nwNRUmi9eVlZ0SR0Q==;38649
u1X4YulpQem/dpd1r6ySAg==;34510
u5+t2bxBTUydcHKRVSMmQA==;34296
u8J+AvtsTlWBaP6auwz3pw==;69893
uH9cJblbQe+Wns/TH9tnxA==;69281
uHdEU6wiTzKDmUjKJUPL7g==;37543
uMIDgW2JTSKAAWb9mJI7WQ==;34545
uOMWokmsQWuvMQEtr+CuOg==;38078
uR+AdjEQThW+qjzhVHa5Zw==;38871
uTAlHD3KRGqW7UtXfVwGYg==;35413
ua0hUaJcQWqzlM6EbXiOxw==;61591
ub/uEvMPRb6RNaQ7lr3Dyg==;34650
uewHAkvsTcym9objn2wtgw==;39477
un1q6P8VS5C/ZUtyxB+Nbg==;91622
uouZccDyRja5WcjegI9v0w==;68026
usTOz+fQSK+O5Aosy0P8Cg==;19188
utdmylSuRyCqDJ3RqkorAw==;30815
uwQe1NGPStuxaV08kxq3LQ==;93761
v4Q5yLUBSR6gT10PZ+xgoA==;39307
v5etCl9ES+CBnFxmRJvAcA==;93416
v90s32GZRUaDcSXVuhRKkw==;34890
vARTN7Z+RSOLVT413g0dBg==;35668
vRMbV1AjS8+L6RB83wnCCw==;34715
vclla8GTTAq1io1FBI8OYg==;66389
vqLUecFEQPiUQuJoTgye0g==;33959
vvxumpiLQniZYEUMMxltrg==;30093
vzJNRaTCRNi9HxfCRuuzBw==;38033
w5iYIn22QxK39RdOOkx28A==;39394
wCMT4uAgRaalTASONG3HNw==;38588
wG3S69XuRM+AMv+AlRrHuA==;94648
wLF3cBJsQ8OVfy7ov4a+LQ==;34820
wN2DjigZT9C7heXdq64lDg==;38609
wO96RSleTAWeBevb10rhUA==;65863
wQ5jgj0CQJCttx4xlUlwgQ==;37368
wVy0LqN0SSelGtINztwokg==;37590
wfYbG9YgTQ2MPVePRH73qw==;35150
wfcx8QbkQ7a55hmXBNxgGg==;39015
wlqa8DrgRXqoMfuC+fuE5Q==;37189
ww7VlpYPTjC0rkqWO3H1bg==;93192
x110sk4wSv6pq1n5N/obbg==;35233
x23hwF0+SHeQl8KGpgaUwA==;86656
xAy0GW2HSxmNo0VefzKZdw==;39804
xEGwAH9pTLiwHzbeBvEmLA==;68440
xFrgcxfLRyGLE8NPfYAT8A==;34546
xG+btacNSKiWCaM4CH1B1A==;94731
xMvmIvxST0SRrXsK+XFkKw==;39746
xUsT6e9hQiusUYK46+AWkg==;86035
xVJQx+sKSvuS2gNAdd9dLA==;39910
xXHaEq3tSSyDuXqkoFX44g==;35742
xZkXhGnyTRSawyWzVj1pIw==;35811
xjq1ADN6QACoDK/7oyqq5A==;39590
xsXGi8I0SbaeoKPInxHHIw==;60751
y/QgOKYjQzSfcaM08P9lpA==;34885
y2vBvzfrTwyZb3vrYAs8aA==;30369
yAjY1TWFTsuUoivk09pdAw==;76005
yCTxpmc/Q1K4BsxYEwEsNA==;86606
yFG0tAMmQ5608efvjTx7Bg==;67684
yHp375AYQnmyVH22lEYrJw==;25862
ybCoAkyORLWd4yyLcwWBRQ==;39359
yv1sqT/OR2G2OVoXzP8lfw==;39266
z1Qge7rSR/ytU6hMOCwnRA==;36870
z5WXJtDuRVeue04kaNNyag==;30994
zCuEKs5nRpmdq0A3vJz13w==;86738
ze+hV2nbTlW9/w5mXt0WIA==;26495
zkE4MbFtRGiJonfPjTzAJQ==;65098
zqSxjyYiTF6cRgxD/94i5g==;38628
zz6A3aowTxSnZ0zScmzaKg==;93812
+67r6+sjRcOEppRDBv0ysg==;35228
+gPowWvBTb22k8QQJOWQfA==;33686
+lIg/0XHRACVYBgWvE7TTg==;38040
//0YDwftQ8+qaMNxKpX7YQ==;37694
/2dg5rCTRTSwGvrrAVEDEg==;39351
/5SifSzoTVmYDnq2YnN4+A==;38521
/GvKKYKmTo23McR2JjcPgg==;38879
/JCCAlF+RiewPSzqZnkEWg==;35573
/Km0iYKZSBOQJijJWfYIew==;38234
/g3O0M9xRh6IWq5at9ZlMg==;62341
/wIEF3zgQSeOk4C7JPxE0Q==;65140
/z/z8WlrTTeqjY+s9+imEw==;35282
030FoLj6SG+IFX5JjWdrMg==;37568
0QRM/UNNQWeEUFb1SXPePg==;67542
0pgA1vQaSTWpLD0G0cGUUw==;39354
1VGTuLM/TNyPXUFETHy8WA==;34878
25dJjKJTSUKmDWiN/s1Bhw==;26495
2KIkmqR7QfWQlfoqI61duA==;37954
2LRjauLaQfWsALDesaT7EQ==;61656
2OZ1Cvs8Q8CrrVUiviO4Gg==;38628
2RkM82coTcCRSQEff3IHew==;35779
2XYAQZw4R1yRaX+FTQAiXg==;37649
2iiuYKrJSFaLW7+QiDq3+Q==;62334
3524+695SWm+8GhDTiPrcQ==;38629
3DVIxaxPTkGLNgJzuGJycA==;39626
3SMCAJbZQISTM1Z8WJD5iA==;39273
3TeW6aCCSOGdoV4iM8MWbg==;34398
3Z5bZEbATHGO/tYpFkZvVQ==;37744
3ZQeiJcbQ46Mm1wVMKVj8Q==;34913
45RZYEbvS125sYoM8pmIEQ==;64750
4B+OzlBoTFqQJjUwnBTPRA==;34995
4HWahJNzRdCmULy3T/W2Ug==;38562
4Y++9EvzQhy5YwAaKWE25A==;38210
4eUiM2fYQNKyP0XXZL9DWw==;39015
4oX+8Rq2Sw6i73H5OcP8xA==;62338
4pQI2C4WQVKrkWvzHP9WaQ==;39589
4qI7tjJpQT+BT3gNDdRLRw==;39280
4yrX7IEUTX2B7hzkDdPjEQ==;34885
5IR0T2ByThKSe/G45ZMKUg==;37966
5Nh6oIdJQE+067yBXoJ9Jg==;35408
5YTa9FspRnic7/v01O4JMg==;37805
5dfjWDm8RrGmxMs6geTN/w==;69727
60PibZ0iQai4LDWw59OLzw==;37490
6Eq+skMETy27F+dq2RGISQ==;34825
6jzx/0FjT/6qbECtwmlo9Q==;37888
6sROKLijRi+GELpOE03QvA==;34938
7++d63tLQje26Wf3NSbyLQ==;35257
7PqiLHcIRxmTr9j9NXJFdA==;34916
7c47F48xTXK/+Ibt+duZHg==;38871
7ck9QOi4T3SXZHVRYzO7UA==;30989
7jjnsuYGT/OD4e5JQu6VNQ==;38634
7ljFHlmsSoyPNrIMz7YJmg==;39689
7xpQL0T5Rdy5IqcvcR7JjQ==;34662
8iX+CckbSFChKv9xeXsJOQ==;38607
8sqkSzzpQ/mBm5c2+Zn7Vw==;37195
8za2apLrTjijRc4svL2ung==;37215
9AMPRb6VTsSfp0qN4Su2GA==;69794
9H5W5bg5TM2Mf2BBXpFfXQ==;38220
9R1diZS/T0G6/MMGCFzbMw==;35016
9RgEqWrsRsKp0gnlA6idRQ==;68714
9eYqS9nATJiViim/ipGwfQ==;38242
A5OFHScFT9KmVCWmec5Q1w==;30369
A7k2D4eSRmao/ysoay2t5Q==;32915
ADFRsdmRSk+SQEo5bgzrEg==;39804
AQO4b0h9QI2dfPBUPD+f8g==;34820
AXw5o87FQMewKSXDY+86pw==;38033
B6jFqlMiSd2NKUq5o4aR4w==;34780
BtMA0cZ5QlKmi1lPeDhp3A==;37113
Bv3chFFdRmWD0FoH4pyZDg==;68440
CTBo89vnQQWbuKt6Rvca9g==;37190
CVNbbBZtQKOSkVVp0El4kA==;38046
Cg8MMfIdRyu3CXb9KV2JHg==;35696
D01bqlB7QIW8gdq4XgFF3g==;38045
D26cyz7wQJSwpL7wjeu3Og==;30764
D8kFygCfSEOgDdy8ThyJtg==;38613
DsL3SKrcSW+E9rcfY4m5jw==;38204
DuANAmiBRfyXQNkFb0Qlig==;31697
E/FmXcOaRyKK+SNqW8kMew==;65168
E/L9pHgGSiSZVOV2jnQcEA==;39563
EJgUTsfzTjGwFa3PWbMy6w==;31780
EKU31d+oRrqF49Uqbn1KdQ==;38649
ERXBL9hgTKK0riNCNYrdiA==;34891
EbjfwZmcSaCA5bcCJmjqxg==;37188
Ed5n0XeaQ9SK5UtSNlDJhg==;34407
Elf1i8Z3T+SDFz2N/efzQQ==;38595
En13XHNXTCutzgn4XCRQiQ==;34643
F8Ucit8xR9O8vw0fbYcTnA==;34746
FS02JRV1SGmxU86KtFMYJA==;37156
FgSnCKZOQzKb8qjUnLIquQ==;39701
FnuIWMNsQiWM/+F7ZO+v8Q==;39250
G9PP4Cw3SdKGFXL5CncSTw==;36055
GeuNtcExTxODHE8su/9APw==;39359
GgT0SIJVTq+qgkWkF6/sgA==;35298
HFuc/PdQSBy3jhJQpFEW1g==;86633
HJetSCVrR2mq3a8YBN56ww==;34797
HLh5fGxZTrKUYGWMj5mG7g==;67330
I/59WfymTwKdzUkESAVWyg==;38524
I1+kSPzyQ0S1CICwIb7Fnw==;35413
IHklId+NTxGVcT89/nK0/w==;39616
Ig6/p27eRAC8qnRv9NRZyA==;38791
JjARheJaRsewhXPP/zo96A==;39056
Jm5r5oVxSVGTl+5mAGZGKg==;37820
JoSJZUf6RNeYC9FkG1tQKA==;34845
K81HgGAiQYa8HYO2njWuPg==;35903
KE3A9PWjRAOWR0W1gWRuKw==;34738
KT/EbxifQiKVxb8QY8dBow==;61636
KYHScL/ISey9O0osDuxVmg==;39427
Kbn+TlPdTiy3q87BnRhI3w==;34478
KkziHTeGSSu/aciAFf5fnw==;86624
L63i9psUREiuoSkdDmDfpQ==;35313
LBKkM/fSSJaToANVV2/nUw==;39264
LNEa7NJESvCIqfG7SYM/1Q==;67314
LTxy++iLRaqGxwEY/03FhQ==;39307
LoyeOGS9QByD9sN/L0UG5A==;30028
Ltfr6gT3RHOEFqiqSv0/AA==;35161
LvED6MsqSKCON+NcSd6sEw==;37543
LwtbsEW4QA+LECg4wHv0Mg==;37769
MVLvOjk0Ry2onbVrxatBwQ==;35675
MaYBzsfZTaiwV96Wc/FL/A==;39384
MdmQX8NVStiJcTuRPT/AeQ==;37327
MfKkxaekSyig/L0uCHHCJg==;30589
MjU/sKV6Sxa/ef4rAVo5uQ==;37529
MkHtHSvESHasAE3tWG+KRw==;30767
MwSNPduDQiqxXX2yqzF1Ew==;38561
MxpvuTC1Qz2rw+wF3BRztg==;34650
NJFRdzzRSretSlHKZyf+wg==;34967
NSHqrSYlSFmRv1sV+s29Kg==;86620
NWeRZOWQTfWwe6yi/ZdtIA==;37636
Nv+v99XRRuu5mTm7EwbM0A==;30997
P+na09JgTeWo8eYwa5Q+HQ==;34794
PAObD1KISBqXK23NJbnkBA==;36064
PJ6vItuVT7mdvdeXQ1te9w==;36870
Pv6W4ms2RfqRZYVQ2vRWzg==;67608
Q2A+LhUoTNmp9FYYvcAoQA==;39780
QB5JHbCnSgabN9YXM7x0Dw==;38909
Qc+nF3HRQW2zKjIsOUrGAw==;39477
QeY/M0j1SIi5A0Ia3izBmg==;39911
QnY77UtGTBSF6RTqbT9WnQ==;38557
QvryrVuvSeeCCkdq2xeZzg==;37342
R2wQUdevRE6xc7iwrP/mXA==;38567
R9DgmTgnTVCI6EML+5LgNg==;37163
RBoxjz2zRLiutmU+pZz2Ag==;68685
RSqXTlV2Q/+rdZrRYvVQ2g==;39670
Rm1fbxrLQhiI8MQW6ZX5Bg==;38553
RxiCCnmITlSZRw9WRwVbiQ==;38199
SDlTmGI4QHGbw9zfgmX2HA==;39108
SF3ivMXmQ76iHWi/FuK8KA==;38903
SUmRaCCNRlyloAOfkPuNeg==;38624
SewL4fKeSeKIFE+tqcJiaA==;38538
SkoW91m6Q3Wdcn5rIxlxMQ==;38623
SpC+gtuzS+WgSdwAxi/cIw==;35348
T5+KofFmQQuA190lOPzGlQ==;34296
TbkbYFtyQ56BQ54e5g6+NA==;31925
TmRcpDTxRimIWKc963xqTg==;35643
Tt1AH8+QR+qGlZoNSVTUVA==;37089
TyyzfMPWQjabi+R9EYvOgg==;39402
TzGKbXHsRDOByBjHUFedrg==;62863
U2PodheqQoa9qFIfBWmB3A==;33910
Ub3QhKtvThOev31izI2t9g==;39633
Uc8rcWaoRN+VioYQ3gbRkw==;39428
UdcJoHSCR2qdneJL7wEL1A==;69787
VV2gGXCwTg2pwSSH61rMmQ==;34709
VWryqyVJRze4vvygY+3SRw==;30744
VchpOW5FQeO9dHrZ+Nu8/A==;37739
W2Sfmup5S1KT0+EvaL1hXg==;38552
Wd3QaxHhQ+WUOpcwDktqFg==;32857
Wp4UfmtrRk6C1qLHruME+A==;33410
X3i4CjcURjq1NJopMuujLg==;38582
X59IqHCnR8Ox72C0jF6tkw==;30994
XV3ORzwhT4G3KEU0uYxL5Q==;35080
Xh/XTBuUSY+KAnGD9nXTTA==;37541
YBMYgUlLQ2ib/qUhD4EZ+Q==;37788
YNMaex/kTnm7So5s09aYYg==;86596
YUxtIJ1wQ7qqIWOpVGCfNQ==;39394
YZWEjqCqTOmBwg27UvVMrQ==;38859
YZfv6BY6SheWW/AYCpW5tQ==;34251
YpJ1wa7iRHmZFF+Vb4GOMw==;35233
YtBL+9xBQ+WvqsyvakdbHg==;35791
Yw3/8tWBS4qn4dQYKxcURw==;37981
ZD9Jno6PTo+K65GGOVe1/Q==;37587
ZP5PLHXmS3mmkKyAAjUNzA==;34720
ZPEQ6MofQainRJEqD8q/QQ==;35011
ZZMVWT82T7yyCrBHFi3zTg==;37740
ZwEP3hGeS2KcMhzNpClcUg==;37368
a9Mvr3AzQdOMUP8q8yrX0w==;35688
aE/87BYpStGZY499f35Z6Q==;86616
aXoJOPvfRMiFz/ELTX5sLA==;34943
aqHjV1vITkutcD2TgRulSw==;34175
b1ZuNwsDS1ytlgysxZjLcg==;39374
b1wsJwmASimVaEC5IrgKSg==;15857
b45pBrlxTuiRdOoi3FDq3A==;35320
bOrj6bkXTICgb0IxK8QNYw==;31781
bVzn3296QiSyjibe3PtRSA==;62411
c2ia4VHxRtm5xpQZRDidQw==;39924
cT1ruRyMSGCrLzffbTt97Q==;38683
dXoOn0E3RSOgV/WaJo6DzQ==;39834
e4mnJO5YTLGYfUgA8GL3Ww==;39628
eDdFdheCRUeXY9144ssEsA==;38565
eGxOfEIWTayOYtd/wPDJpw==;39248
eNsoFMbnRKCEejtGlpbfcg==;34510
eUgwGjA2Qa24nmgZwnqLlw==;35668
ef7rqNJZT92hcWKTjvzpfA==;39313
f+9LKcbwTg6eUOsjnBj03A==;37835
gJvfXiTbTKySKqlzV3e1fg==;37575
gTirXKyxSUuusdC4+lfk4g==;38622
gb4P+vUzQJed8QOa7wNbxA==;39882
gjWWyHB9SY+EG7OS6Fk58A==;28618
gpxgWSemQAC2D3gXS/Z5hw==;34717
gqjhvMHqSQiHmeyHmmnpow==;36445
gxFt2K1ZTVqYJUPXCzXzPw==;37189
h68/swclTueM8i0VebUOIQ==;39131
hNzQfNFoTBeZWDxrsUH9Aw==;36047
hk8e7DjBRsCTll6ZOUI7Zg==;35431
hsuqhk/EQcKrESORD60wYQ==;35029
i2CA/wV4T8SMZ+uzxTc+hw==;34483
i56Ti67ATUyS6vmmsznObQ==;37496
iTdvhzmUSvyG/caNz5gPRw==;37200
iebGVDwkQnelag4ggCaTWQ==;34890
iqgJ4nPHTDGVwx4VXLRD6A==;34077
iv5FbeUYT6mBc+kjHi22HA==;34143
j1u9UL91QPW42UFWHZ784g==;35887
j8D0OvkjRSKtxROdArECdQ==;37360
jZ2jlfnbSyughIpxtkM2zQ==;34871
jmH9GULISD+vYzhMk3NPig==;34348
jmekvgUpSeqFDrJ6gRgJ/w==;37859
k0fuuUHFQuWEKXEYNGXaBA==;69929
k4M5geH/RLKr/JepvFtGaA==;39037
k8ybomTLTSq5w6NAtlsG9w==;38975
kFPBxSlPRVeXze8+GTEuuQ==;39266
kI0h8ZBvTmWpqxFAHR/flQ==;35325
kxuqzxk/Qn2blVr4bNYSUA==;37127
l+muEpndT/qvV5gI5TnmiA==;30043
l9BehysAR8m86CjB9PF31w==;38072
lL5HOvi+TTWRituzhmUP8Q==;37590
lVryIf+hQZyFRyfC/bBE4Q==;38873
m2aR+yNlQJiIOZl/y6Cxjg==;37455
mM7QQnn9SOO6izbhoXePGQ==;37832
n3wJnKosQTy+ks3HQrBqCw==;39260
nMJc/UUXTyWwkz0wdOAQJg==;63241
ndl8hTvzSWSsb0eKnJB5bQ==;35484
oQyn9zOTQ3WceD20nz2AQA==;38701
oVNlLkrgRA6np4fUhsAJfQ==;38292
onAW0jHSQKiQBQCx9nBHOQ==;35927
paO1gJVmR6K57CwHlpwF+A==;39590
pcboWdfYRyKzSkzruZ88hw==;66988
pldhRYjNTW+EgLQRHFr4eA==;39065
pmczQE0BTei3gS0Yn6y7IQ==;38078
q/xjqzE5SsimFWr0IgfBrA==;38864
qCtjBtSkQY2VnlL5HwyvTw==;34857
qr8epy9iQLy4E+BUAakAsA==;68372
qysdywQbSKyfFdoPsnizNA==;34371
r2VmWqUaSSmnvN8M8dCmgg==;30677
r5Ll+no4SzyQSFJfYXiHOA==;34715
rSunn39HRpCOzfE9q17exA==;34961
rhBRswjHS5a3kIZbql2kXQ==;39928
rwLXW5ZiSIOMBO5woa2qiA==;39298
s5ckwMSETpeDOeMdmqvPMQ==;34387
sEq/kZLvQfuIwQSyPnAnpA==;38540
sV/8a80/TIqtBzAFWE9XYA==;39749
sqS9Y4s9RjS3HoAhcJbPrw==;35873
t5Qya5VdQDavbo/OMusIUA==;69115
t7al3WBTSpe5+JYVgGa8rQ==;34511
tJa3RY3PR2aQyOhgQB+dIg==;37593
tMCrbWAoRnKLWLqaKarGPA==;39390
tQ8RPvIaTc2jeZggr2/Nmg==;18134
thVXnaV5ROa4kUZnjKWMFA==;17094
tuugbL1uTDym9SNoj0ZDMg==;62451
u1NSJZZuSS6aqahLzszARQ==;35307
uKYQcv6WR862Hg/+cN20bg==;37907
umBiO/sMRAOCgAI71iVq7Q==;39643
un0+9ncESPOv/7KCqEkImw==;35501
uoE0x8GWRlysomzlDEbAug==;19188
v8O3fNjDTvi9/kpALZGn3Q==;35001
vrTq3iwxTYW3aW/7UDnB9Q==;35150
w9ySm1mgTTy6yMxr302YYw==;64474
wLsKDh2cTEKhphiZqWlaiw==;38615
wMOxw64bSz6HDtAdjpTBBg==;34982
wP3ymM86TMOutaUcgBEWRg==;35713
wk7G/LtVQO+/mL5N4guy5w==;34580
x/o7sFsoQRSZKMDFBzc2+Q==;39826
x6c4C8Z4SDCfTSPICo3+CQ==;37664
xDYrWxHxS3+ZjdTTLTPwpA==;35092
xIrWe6W6R9KTl5dHFshcxg==;30592
xRtRkcqzSFSnnvECGDxg8w==;30201
xWLxlgR9Ty+OliFNcvn5ng==;38237
xY4tP03IRmSxx+PAHppQqg==;37322
xjgyyqICSb+CJsfgLAZAQg==;30599
xoA0vtwiRo6DpDwdq0efnA==;38805
xtpRooLVSluSbhd0lxWhWg==;39707
y/Od0m4SQm6DnQNQUufCXg==;37169
y1D6U/9STK65Lug0SCLQuw==;39906
yObOUE+DQ8aNiWlhOdpRMQ==;39048
yT638bcKRe+VXEfL1DdJQA==;39143
yV8UMFQ8Tue0B5a+FU921g==;62093
yd9J0IPFSGC32Qf2W5JHXQ==;38605
ywCrMrDlShi1ws/IA5WSpQ==;39755
zFQnnlEDQq28QAGYJEYQwg==;35406
zaaQvuX2SmaXeOihBqeSdw==;35058
zmrnYt0mTu682z9oyJZiXA==;64515
zqw3HDpuSj+i5OiDBv76Ow==;86561